Workbook

Sheet EN60
A1: MatureTable | E1: 1.005 ครบสัญญา
A2: plancode | B2: maturerate | C2: premiumrate | E2: 1.005 มรณกรรม
A3: EN60 | B3: 808 | C3: 1.01 | E3: ="INSERT INTO public.maturetable (plancode, maturerate, premiumrate) VALUES('"&A3&"', "&B3&", "&C3&");" -> INSERT INTO public.maturetable (plancode, maturerate, premiumrate) VALUES('EN60', 808, 1.01);
A5: coupontable | E5: ="INSERT INTO public.coupontable (id, returncash, ytable) VALUES('"&A7&"', "&B7&", '"&C7&"');" -> INSERT INTO public.coupontable (id, returncash, ytable) VALUES('EN60', 1, 'Y'); | I5: benefittype
A6: id | B6: returncash | C6: ytable | E6: returncash | F6: 0 | H6: ไม่มีเงินปันผล | I6: V = เอาเงินเวรคืนมาเป็นผลประโยชน์กรณีเสียชีวิต
A7: =A$3 -> EN60 | B7: 1 | C7: Y | F7: 1 | H7: มีเงินปันผล | I7: S = Max(เวรคืน, ผลประโยชน์กรณีเสียชีวิต)
E8: ytable | F8: N | H8: fix ปี ไม่ search ด้วยอายุ | I8: A = Max(เวรคืน, ผลประโยชน์กรณีเสียชีวิต, 1.005เท่าของเบี้ยที่จ่าย)
F9: Y | H9: ต้องส่งอายุไป search ด้วย | I9: อื่นๆ = แสดงผลประโยชน์กรณีเสียชีวิต

Sheet เงินคืน EN60(age 0-10)
A1: MatureTable | E1: 1.005 ครบสัญญา
A2: plancode | B2: maturerate | C2: premiumrate | E2: 1.005 มรณกรรม
A3: ='EN60'!A$3 -> EN60 | B3: ='EN60'!B$3 -> 808 | C3: ='EN60'!C$3 -> 1.01 | E3: ="INSERT INTO public.maturetable (plancode, maturerate, premiumrate) VALUES('"&A3&"', "&B3&", "&C3&");" -> INSERT INTO public.maturetable (plancode, maturerate, premiumrate) VALUES('EN60', 808, 1.01);
A5: coupontable | E5: ="INSERT INTO public.coupontable (id, returncash, ytable) VALUES('"&A7&"', "&B7&", '"&C7&"');" -> INSERT INTO public.coupontable (id, returncash, ytable) VALUES('EN60', 1, 'Y'); | I5: benefittype
A6: id | B6: returncash | C6: ytable | E6: returncash | F6: 0 | G6: ไม่มีเงินปันผล | I6: V = เอาเงินเวรคืนมาเป็นผลประโยชน์กรณีเสียชีวิต
A7: =A$3 -> EN60 | B7: ='EN60'!B$7 -> 1 | C7: ='EN60'!C$7 -> Y | F7: 1 | G7: มีเงินปันผล | I7: S = Max(เวรคืน, ผลประโยชน์กรณีเสียชีวิต)
E8: ytable | F8: N | G8: fix ปี ไม่ search ด้วยอายุ | I8: A = Max(เวรคืน, ผลประโยชน์กรณีเสียชีวิต, 1.005เท่าของเบี้ยที่จ่าย)
F9: Y | G9: ต้องส่งอายุไป search ด้วย | I9: อื่นๆ = แสดงผลประโยชน์กรณีเสียชีวิต
A10: coupon
A11: plancode | B11: age | C11: year | D11: couponrate | E11: benefittype | F11: benefitrate | G11: premiumrate | I11: ="[{""plancode"":"""&A12&""",""returncash"":"""&B$7&""",""ytable"":"""&C$7&""",""maturerate"":"""&B$3&""",""maturepmrate"":"""&C$3&""",""coupon"":[" -> [{"plancode":"EN60","returncash":"1","ytable":"Y","maturerate":"808","maturepmrate":"1.01","coupon":[
A12: ='EN60'!A$3 -> EN60 | B12: 0 | C12: 1 | D12: =IF(C12+B12=80,0,8) -> 8 | E12: A | F12: =IF(C12>7, 800, C12*100) -> 100 | G12: ='EN60'!C$3 -> 1.01 | H12: ="INSERT INTO public.coupon ("&A$11&", "&B$11&", """&C$11&""", "&D$11&", "&E$11&", "&F$11&", "&G$11&") VALUES('"&A12&"', "&B12&", "&C12&", "&D12&", '"&E12&"',"&F12&", "&G12&");" -> INSERT INTO public.coupon (plancode, age, "year", couponrate, benefittype, benefitrate, premiumrate) VALUES('EN60', 0, 1, 8, 'A',100, 1.01); | I12: ="{""age"":"""&B12&""", ""year"":"""&C12&""", ""couponrate"":"""&D12&""", ""benefittype"":"""&E12&""", ""benefitrate"":"""&F12&""", """&G$11&""":"""&G12&"""}" -> {"age":"0", "year":"1", "couponrate":"8", "benefittype":"A", "benefitrate":"100", "premiumrate":"1.01"} | J12: =IF(OR(I13="]", I12="[", I12="]"), "", ",") -> ,
A13: ='EN60'!A$3 -> EN60 | B13: =B12 -> 0 | C13: =C12+1 -> 2 | D13: =IF(C13+B13=80,0,8) -> 8 | E13: A | F13: =IF(C13>7, 800, C13*100) -> 200 | G13: =G12 -> 1.01 | H13: ="INSERT INTO public.coupon ("&A$11&", "&B$11&", """&C$11&""", "&D$11&", "&E$11&", "&F$11&", "&G$11&") VALUES('"&A13&"', "&B13&", "&C13&", "&D13&", '"&E13&"',"&F13&", "&G13&");" -> INSERT INTO public.coupon (plancode, age, "year", couponrate, benefittype, benefitrate, premiumrate) VALUES('EN60', 0, 2, 8, 'A',200, 1.01); | I13: ="{""age"":"""&B13&""", ""year"":"""&C13&""", ""couponrate"":"""&D13&""", ""benefittype"":"""&E13&""", ""benefitrate"":"""&F13&""", """&G$11&""":"""&G13&"""}" -> {"age":"0", "year":"2", "couponrate":"8", "benefittype":"A", "benefitrate":"200", "premiumrate":"1.01"} | J13: =IF(OR(I14="]", I13="[", I13="]"), "", ",") -> ,
A14: ='EN60'!A$3 -> EN60 | B14: =B13 -> 0 | C14: =C13+1 -> 3 | D14: =IF(C14+B14=80,0,8) -> 8 | E14: A | F14: =IF(C14>7, 800, C14*100) -> 300 | G14: =G13 -> 1.01 | H14: ="INSERT INTO public.coupon ("&A$11&", "&B$11&", """&C$11&""", "&D$11&", "&E$11&", "&F$11&", "&G$11&") VALUES('"&A14&"', "&B14&", "&C14&", "&D14&", '"&E14&"',"&F14&", "&G14&");" -> INSERT INTO public.coupon (plancode, age, "year", couponrate, benefittype, benefitrate, premiumrate) VALUES('EN60', 0, 3, 8, 'A',300, 1.01); | I14: ="{""age"":"""&B14&""", ""year"":"""&C14&""", ""couponrate"":"""&D14&""", ""benefittype"":"""&E14&""", ""benefitrate"":"""&F14&""", """&G$11&""":"""&G14&"""}" -> {"age":"0", "year":"3", "couponrate":"8", "benefittype":"A", "benefitrate":"300", "premiumrate":"1.01"} | J14: =IF(OR(I15="]", I14="[", I14="]"), "", ",") -> ,
A15: ='EN60'!A$3 -> EN60 | B15: =B14 -> 0 | C15: =C14+1 -> 4 | D15: =IF(C15+B15=80,0,8) -> 8 | E15: A | F15: =IF(C15>7, 800, C15*100) -> 400 | G15: =G14 -> 1.01 | H15: ="INSERT INTO public.coupon ("&A$11&", "&B$11&", """&C$11&""", "&D$11&", "&E$11&", "&F$11&", "&G$11&") VALUES('"&A15&"', "&B15&", "&C15&", "&D15&", '"&E15&"',"&F15&", "&G15&");" -> INSERT INTO public.coupon (plancode, age, "year", couponrate, benefittype, benefitrate, premiumrate) VALUES('EN60', 0, 4, 8, 'A',400, 1.01); | I15: ="{""age"":"""&B15&""", ""year"":"""&C15&""", ""couponrate"":"""&D15&""", ""benefittype"":"""&E15&""", ""benefitrate"":"""&F15&""", """&G$11&""":"""&G15&"""}" -> {"age":"0", "year":"4", "couponrate":"8", "benefittype":"A", "benefitrate":"400", "premiumrate":"1.01"} | J15: =IF(OR(I16="]", I15="[", I15="]"), "", ",") -> ,
A16: ='EN60'!A$3 -> EN60 | B16: =B15 -> 0 | C16: =C15+1 -> 5 | D16: =IF(C16+B16=80,0,8) -> 8 | E16: A | F16: =IF(C16>7, 800, C16*100) -> 500 | G16: =G15 -> 1.01 | H16: ="INSERT INTO public.coupon ("&A$11&", "&B$11&", """&C$11&""", "&D$11&", "&E$11&", "&F$11&", "&G$11&") VALUES('"&A16&"', "&B16&", "&C16&", "&D16&", '"&E16&"',"&F16&", "&G16&");" -> INSERT INTO public.coupon (plancode, age, "year", couponrate, benefittype, benefitrate, premiumrate) VALUES('EN60', 0, 5, 8, 'A',500, 1.01); | I16: ="{""age"":"""&B16&""", ""year"":"""&C16&""", ""couponrate"":"""&D16&""", ""benefittype"":"""&E16&""", ""benefitrate"":"""&F16&""", """&G$11&""":"""&G16&"""}" -> {"age":"0", "year":"5", "couponrate":"8", "benefittype":"A", "benefitrate":"500", "premiumrate":"1.01"} | J16: =IF(OR(I17="]", I16="[", I16="]"), "", ",") -> ,
A17: ='EN60'!A$3 -> EN60 | B17: =B16 -> 0 | C17: =C16+1 -> 6 | D17: =IF(C17+B17=80,0,8) -> 8 | E17: A | F17: =IF(C17>7, 800, C17*100) -> 600 | G17: =G16 -> 1.01 | H17: ="INSERT INTO public.coupon ("&A$11&", "&B$11&", """&C$11&""", "&D$11&", "&E$11&", "&F$11&", "&G$11&") VALUES('"&A17&"', "&B17&", "&C17&", "&D17&", '"&E17&"',"&F17&", "&G17&");" -> INSERT INTO public.coupon (plancode, age, "year", couponrate, benefittype, benefitrate, premiumrate) VALUES('EN60', 0, 6, 8, 'A',600, 1.01); | I17: ="{""age"":"""&B17&""", ""year"":"""&C17&""", ""couponrate"":"""&D17&""", ""benefittype"":"""&E17&""", ""benefitrate"":"""&F17&""", """&G$11&""":"""&G17&"""}" -> {"age":"0", "year":"6", "couponrate":"8", "benefittype":"A", "benefitrate":"600", "premiumrate":"1.01"} | J17: =IF(OR(I18="]", I17="[", I17="]"), "", ",") -> ,
A18: ='EN60'!A$3 -> EN60 | B18: =B17 -> 0 | C18: =C17+1 -> 7 | D18: =IF(C18+B18=80,0,8) -> 8 | E18: A | F18: =IF(C18>7, 800, C18*100) -> 700 | G18: =G17 -> 1.01 | H18: ="INSERT INTO public.coupon ("&A$11&", "&B$11&", """&C$11&""", "&D$11&", "&E$11&", "&F$11&", "&G$11&") VALUES('"&A18&"', "&B18&", "&C18&", "&D18&", '"&E18&"',"&F18&", "&G18&");" -> INSERT INTO public.coupon (plancode, age, "year", couponrate, benefittype, benefitrate, premiumrate) VALUES('EN60', 0, 7, 8, 'A',700, 1.01); | I18: ="{""age"":"""&B18&""", ""year"":"""&C18&""", ""couponrate"":"""&D18&""", ""benefittype"":"""&E18&""", ""benefitrate"":"""&F18&""", """&G$11&""":"""&G18&"""}" -> {"age":"0", "year":"7", "couponrate":"8", "benefittype":"A", "benefitrate":"700", "premiumrate":"1.01"} | J18: =IF(OR(I19="]", I18="[", I18="]"), "", ",") -> ,
A19: ='EN60'!A$3 -> EN60 | B19: =B18 -> 0 | C19: =C18+1 -> 8 | D19: =IF(C19+B19=80,0,8) -> 8 | E19: A | F19: =IF(C19>7, 800, C19*100) -> 800 | G19: =G18 -> 1.01 | H19: ="INSERT INTO public.coupon ("&A$11&", "&B$11&", """&C$11&""", "&D$11&", "&E$11&", "&F$11&", "&G$11&") VALUES('"&A19&"', "&B19&", "&C19&", "&D19&", '"&E19&"',"&F19&", "&G19&");" -> INSERT INTO public.coupon (plancode, age, "year", couponrate, benefittype, benefitrate, premiumrate) VALUES('EN60', 0, 8, 8, 'A',800, 1.01); | I19: ="{""age"":"""&B19&""", ""year"":"""&C19&""", ""couponrate"":"""&D19&""", ""benefittype"":"""&E19&""", ""benefitrate"":"""&F19&""", """&G$11&""":"""&G19&"""}" -> {"age":"0", "year":"8", "couponrate":"8", "benefittype":"A", "benefitrate":"800", "premiumrate":"1.01"} | J19: =IF(OR(I20="]", I19="[", I19="]"), "", ",") -> ,
A20: ='EN60'!A$3 -> EN60 | B20: =B19 -> 0 | C20: =C19+1 -> 9 | D20: =IF(C20+B20=80,0,8) -> 8 | E20: A | F20: =IF(C20>7, 800, C20*100) -> 800 | G20: =G19 -> 1.01 | H20: ="INSERT INTO public.coupon ("&A$11&", "&B$11&", """&C$11&""", "&D$11&", "&E$11&", "&F$11&", "&G$11&") VALUES('"&A20&"', "&B20&", "&C20&", "&D20&", '"&E20&"',"&F20&", "&G20&");" -> INSERT INTO public.coupon (plancode, age, "year", couponrate, benefittype, benefitrate, premiumrate) VALUES('EN60', 0, 9, 8, 'A',800, 1.01); | I20: ="{""age"":"""&B20&""", ""year"":"""&C20&""", ""couponrate"":"""&D20&""", ""benefittype"":"""&E20&""", ""benefitrate"":"""&F20&""", """&G$11&""":"""&G20&"""}" -> {"age":"0", "year":"9", "couponrate":"8", "benefittype":"A", "benefitrate":"800", "premiumrate":"1.01"} | J20: =IF(OR(I21="]", I20="[", I20="]"), "", ",") -> ,
A21: ='EN60'!A$3 -> EN60 | B21: =B20 -> 0 | C21: =C20+1 -> 10 | D21: =IF(C21+B21=80,0,8) -> 8 | E21: A | F21: =IF(C21>7, 800, C21*100) -> 800 | G21: =G20 -> 1.01 | H21: ="INSERT INTO public.coupon ("&A$11&", "&B$11&", """&C$11&""", "&D$11&", "&E$11&", "&F$11&", "&G$11&") VALUES('"&A21&"', "&B21&", "&C21&", "&D21&", '"&E21&"',"&F21&", "&G21&");" -> INSERT INTO public.coupon (plancode, age, "year", couponrate, benefittype, benefitrate, premiumrate) VALUES('EN60', 0, 10, 8, 'A',800, 1.01); | I21: ="{""age"":"""&B21&""", ""year"":"""&C21&""", ""couponrate"":"""&D21&""", ""benefittype"":"""&E21&""", ""benefitrate"":"""&F21&""", """&G$11&""":"""&G21&"""}" -> {"age":"0", "year":"10", "couponrate":"8", "benefittype":"A", "benefitrate":"800", "premiumrate":"1.01"} | J21: =IF(OR(I22="]", I21="[", I21="]"), "", ",") -> ,
A22: ='EN60'!A$3 -> EN60 | B22: =B21 -> 0 | C22: =C21+1 -> 11 | D22: =IF(C22+B22=80,0,8) -> 8 | E22: A | F22: =IF(C22>7, 800, C22*100) -> 800 | G22: =G21 -> 1.01 | H22: ="INSERT INTO public.coupon ("&A$11&", "&B$11&", """&C$11&""", "&D$11&", "&E$11&", "&F$11&", "&G$11&") VALUES('"&A22&"', "&B22&", "&C22&", "&D22&", '"&E22&"',"&F22&", "&G22&");" -> INSERT INTO public.coupon (plancode, age, "year", couponrate, benefittype, benefitrate, premiumrate) VALUES('EN60', 0, 11, 8, 'A',800, 1.01); | I22: ="{""age"":"""&B22&""", ""year"":"""&C22&""", ""couponrate"":"""&D22&""", ""benefittype"":"""&E22&""", ""benefitrate"":"""&F22&""", """&G$11&""":"""&G22&"""}" -> {"age":"0", "year":"11", "couponrate":"8", "benefittype":"A", "benefitrate":"800", "premiumrate":"1.01"} | J22: =IF(OR(I23="]", I22="[", I22="]"), "", ",") -> ,
A23: ='EN60'!A$3 -> EN60 | B23: =B22 -> 0 | C23: =C22+1 -> 12 | D23: =IF(C23+B23=80,0,8) -> 8 | E23: A | F23: =IF(C23>7, 800, C23*100) -> 800 | G23: =G22 -> 1.01 | H23: ="INSERT INTO public.coupon ("&A$11&", "&B$11&", """&C$11&""", "&D$11&", "&E$11&", "&F$11&", "&G$11&") VALUES('"&A23&"', "&B23&", "&C23&", "&D23&", '"&E23&"',"&F23&", "&G23&");" -> INSERT INTO public.coupon (plancode, age, "year", couponrate, benefittype, benefitrate, premiumrate) VALUES('EN60', 0, 12, 8, 'A',800, 1.01); | I23: ="{""age"":"""&B23&""", ""year"":"""&C23&""", ""couponrate"":"""&D23&""", ""benefittype"":"""&E23&""", ""benefitrate"":"""&F23&""", """&G$11&""":"""&G23&"""}" -> {"age":"0", "year":"12", "couponrate":"8", "benefittype":"A", "benefitrate":"800", "premiumrate":"1.01"} | J23: =IF(OR(I24="]", I23="[", I23="]"), "", ",") -> ,
A24: ='EN60'!A$3 -> EN60 | B24: =B23 -> 0 | C24: =C23+1 -> 13 | D24: =IF(C24+B24=80,0,8) -> 8 | E24: A | F24: =IF(C24>7, 800, C24*100) -> 800 | G24: =G23 -> 1.01 | H24: ="INSERT INTO public.coupon ("&A$11&", "&B$11&", """&C$11&""", "&D$11&", "&E$11&", "&F$11&", "&G$11&") VALUES('"&A24&"', "&B24&", "&C24&", "&D24&", '"&E24&"',"&F24&", "&G24&");" -> INSERT INTO public.coupon (plancode, age, "year", couponrate, benefittype, benefitrate, premiumrate) VALUES('EN60', 0, 13, 8, 'A',800, 1.01); | I24: ="{""age"":"""&B24&""", ""year"":"""&C24&""", ""couponrate"":"""&D24&""", ""benefittype"":"""&E24&""", ""benefitrate"":"""&F24&""", """&G$11&""":"""&G24&"""}" -> {"age":"0", "year":"13", "couponrate":"8", "benefittype":"A", "benefitrate":"800", "premiumrate":"1.01"} | J24: =IF(OR(I25="]", I24="[", I24="]"), "", ",") -> ,
... A91: ='EN60'!A$3 -> EN60 | B91: =B90 -> 0 | C91: =C90+1 -> 80 | D91: =IF(C91+B91=80,0,8) -> 0 | E91: A | F91: =IF(C91>7, 800, C91*100) -> 800 | G91: =G90 -> 1.01 | H91: ="INSERT INTO public.coupon ("&A$11&", "&B$11&", """&C$11&""", "&D$11&", "&E$11&", "&F$11&", "&G$11&") VALUES('"&A91&"', "&B91&", "&C91&", "&D91&", '"&E91&"',"&F91&", "&G91&");" -> INSERT INTO public.coupon (plancode, age, "year", couponrate, benefittype, benefitrate, premiumrate) VALUES('EN60', 0, 80, 0, 'A',800, 1.01); | I91: ="{""age"":"""&B91&""", ""year"":"""&C91&""", ""couponrate"":"""&D91&""", ""benefittype"":"""&E91&""", ""benefitrate"":"""&F91&""", """&G$11&""":"""&G91&"""}" -> {"age":"0", "year":"80", "couponrate":"0", "benefittype":"A", "benefitrate":"800", "premiumrate":"1.01"} | J91: =IF(OR(I92="]", I91="[", I91="]"), "", ",") -> ,
I92: ]}]
A93: plancode | B93: age | C93: year | D93: couponrate | E93: benefittype | F93: benefitrate | G93: premiumrate | I93: ="[{""plancode"":"""&A94&""",""returncash"":"""&B$7&""",""ytable"":"""&C$7&""",""maturerate"":"""&B$3&""",""maturepmrate"":"""&C$3&""",""coupon"":[" -> [{"plancode":"EN60","returncash":"1","ytable":"Y","maturerate":"808","maturepmrate":"1.01","coupon":[
A94: ='EN60'!A$3 -> EN60 | B94: 1 | C94: 1 | D94: =IF(C94+B94=80,0,8) -> 8 | E94: A | F94: =IF(C94>7, 800, C94*100) -> 100 | G94: ='EN60'!C$3 -> 1.01 | H94: ="INSERT INTO public.coupon ("&A$11&", "&B$11&", """&C$11&""", "&D$11&", "&E$11&", "&F$11&", "&G$11&") VALUES('"&A94&"', "&B94&", "&C94&", "&D94&", '"&E94&"',"&F94&", "&G94&");" -> INSERT INTO public.coupon (plancode, age, "year", couponrate, benefittype, benefitrate, premiumrate) VALUES('EN60', 1, 1, 8, 'A',100, 1.01); | I94: ="{""age"":"""&B94&""", ""year"":"""&C94&""", ""couponrate"":"""&D94&""", ""benefittype"":"""&E94&""", ""benefitrate"":"""&F94&""", """&G$11&""":"""&G94&"""}" -> {"age":"1", "year":"1", "couponrate":"8", "benefittype":"A", "benefitrate":"100", "premiumrate":"1.01"} | J94: =IF(OR(I95="]", I94="[", I94="]"), "", ",") -> ,
A95: ='EN60'!A$3 -> EN60 | B95: =B94 -> 1 | C95: =C94+1 -> 2 | D95: =IF(C95+B95=80,0,8) -> 8 | E95: A | F95: =IF(C95>7, 800, C95*100) -> 200 | G95: =G94 -> 1.01 | H95: ="INSERT INTO public.coupon ("&A$11&", "&B$11&", """&C$11&""", "&D$11&", "&E$11&", "&F$11&", "&G$11&") VALUES('"&A95&"', "&B95&", "&C95&", "&D95&", '"&E95&"',"&F95&", "&G95&");" -> INSERT INTO public.coupon (plancode, age, "year", couponrate, benefittype, benefitrate, premiumrate) VALUES('EN60', 1, 2, 8, 'A',200, 1.01); | I95: ="{""age"":"""&B95&""", ""year"":"""&C95&""", ""couponrate"":"""&D95&""", ""benefittype"":"""&E95&""", ""benefitrate"":"""&F95&""", """&G$11&""":"""&G95&"""}" -> {"age":"1", "year":"2", "couponrate":"8", "benefittype":"A", "benefitrate":"200", "premiumrate":"1.01"} | J95: =IF(OR(I96="]", I95="[", I95="]"), "", ",") -> ,
A96: ='EN60'!A$3 -> EN60 | B96: =B95 -> 1 | C96: =C95+1 -> 3 | D96: =IF(C96+B96=80,0,8) -> 8 | E96: A | F96: =IF(C96>7, 800, C96*100) -> 300 | G96: =G95 -> 1.01 | H96: ="INSERT INTO public.coupon ("&A$11&", "&B$11&", """&C$11&""", "&D$11&", "&E$11&", "&F$11&", "&G$11&") VALUES('"&A96&"', "&B96&", "&C96&", "&D96&", '"&E96&"',"&F96&", "&G96&");" -> INSERT INTO public.coupon (plancode, age, "year", couponrate, benefittype, benefitrate, premiumrate) VALUES('EN60', 1, 3, 8, 'A',300, 1.01); | I96: ="{""age"":"""&B96&""", ""year"":"""&C96&""", ""couponrate"":"""&D96&""", ""benefittype"":"""&E96&""", ""benefitrate"":"""&F96&""", """&G$11&""":"""&G96&"""}" -> {"age":"1", "year":"3", "couponrate":"8", "benefittype":"A", "benefitrate":"300", "premiumrate":"1.01"} | J96: =IF(OR(I97="]", I96="[", I96="]"), "", ",") -> ,
A97: ='EN60'!A$3 -> EN60 | B97: =B96 -> 1 | C97: =C96+1 -> 4 | D97: =IF(C97+B97=80,0,8) -> 8 | E97: A | F97: =IF(C97>7, 800, C97*100) -> 400 | G97: =G96 -> 1.01 | H97: ="INSERT INTO public.coupon ("&A$11&", "&B$11&", """&C$11&""", "&D$11&", "&E$11&", "&F$11&", "&G$11&") VALUES('"&A97&"', "&B97&", "&C97&", "&D97&", '"&E97&"',"&F97&", "&G97&");" -> INSERT INTO public.coupon (plancode, age, "year", couponrate, benefittype, benefitrate, premiumrate) VALUES('EN60', 1, 4, 8, 'A',400, 1.01); | I97: ="{""age"":"""&B97&""", ""year"":"""&C97&""", ""couponrate"":"""&D97&""", ""benefittype"":"""&E97&""", ""benefitrate"":"""&F97&""", """&G$11&""":"""&G97&"""}" -> {"age":"1", "year":"4", "couponrate":"8", "benefittype":"A", "benefitrate":"400", "premiumrate":"1.01"} | J97: =IF(OR(I98="]", I97="[", I97="]"), "", ",") -> ,
A98: ='EN60'!A$3 -> EN60 | B98: =B97 -> 1 | C98: =C97+1 -> 5 | D98: =IF(C98+B98=80,0,8) -> 8 | E98: A | F98: =IF(C98>7, 800, C98*100) -> 500 | G98: =G97 -> 1.01 | H98: ="INSERT INTO public.coupon ("&A$11&", "&B$11&", """&C$11&""", "&D$11&", "&E$11&", "&F$11&", "&G$11&") VALUES('"&A98&"', "&B98&", "&C98&", "&D98&", '"&E98&"',"&F98&", "&G98&");" -> INSERT INTO public.coupon (plancode, age, "year", couponrate, benefittype, benefitrate, premiumrate) VALUES('EN60', 1, 5, 8, 'A',500, 1.01); | I98: ="{""age"":"""&B98&""", ""year"":"""&C98&""", ""couponrate"":"""&D98&""", ""benefittype"":"""&E98&""", ""benefitrate"":"""&F98&""", """&G$11&""":"""&G98&"""}" -> {"age":"1", "year":"5", "couponrate":"8", "benefittype":"A", "benefitrate":"500", "premiumrate":"1.01"} | J98: =IF(OR(I99="]", I98="[", I98="]"), "", ",") -> ,
A99: ='EN60'!A$3 -> EN60 | B99: =B98 -> 1 | C99: =C98+1 -> 6 | D99: =IF(C99+B99=80,0,8) -> 8 | E99: A | F99: =IF(C99>7, 800, C99*100) -> 600 | G99: =G98 -> 1.01 | H99: ="INSERT INTO public.coupon ("&A$11&", "&B$11&", """&C$11&""", "&D$11&", "&E$11&", "&F$11&", "&G$11&") VALUES('"&A99&"', "&B99&", "&C99&", "&D99&", '"&E99&"',"&F99&", "&G99&");" -> INSERT INTO public.coupon (plancode, age, "year", couponrate, benefittype, benefitrate, premiumrate) VALUES('EN60', 1, 6, 8, 'A',600, 1.01); | I99: ="{""age"":"""&B99&""", ""year"":"""&C99&""", ""couponrate"":"""&D99&""", ""benefittype"":"""&E99&""", ""benefitrate"":"""&F99&""", """&G$11&""":"""&G99&"""}" -> {"age":"1", "year":"6", "couponrate":"8", "benefittype":"A", "benefitrate":"600", "premiumrate":"1.01"} | J99: =IF(OR(I100="]", I99="[", I99="]"), "", ",") -> ,
A100: ='EN60'!A$3 -> EN60 | B100: =B99 -> 1 | C100: =C99+1 -> 7 | D100: =IF(C100+B100=80,0,8) -> 8 | E100: A | F100: =IF(C100>7, 800, C100*100) -> 700 | G100: =G99 -> 1.01 | H100: ="INSERT INTO public.coupon ("&A$11&", "&B$11&", """&C$11&""", "&D$11&", "&E$11&", "&F$11&", "&G$11&") VALUES('"&A100&"', "&B100&", "&C100&", "&D100&", '"&E100&"',"&F100&", "&G100&");" -> INSERT INTO public.coupon (plancode, age, "year", couponrate, benefittype, benefitrate, premiumrate) VALUES('EN60', 1, 7, 8, 'A',700, 1.01); | I100: ="{""age"":"""&B100&""", ""year"":"""&C100&""", ""couponrate"":"""&D100&""", ""benefittype"":"""&E100&""", ""benefitrate"":"""&F100&""", """&G$11&""":"""&G100&"""}" -> {"age":"1", "year":"7", "couponrate":"8", "benefittype":"A", "benefitrate":"700", "premiumrate":"1.01"} | J100: =IF(OR(I101="]", I100="[", I100="]"), "", ",") -> ,
A101: ='EN60'!A$3 -> EN60 | B101: =B100 -> 1 | C101: =C100+1 -> 8 | D101: =IF(C101+B101=80,0,8) -> 8 | E101: A | F101: =IF(C101>7, 800, C101*100) -> 800 | G101: =G100 -> 1.01 | H101: ="INSERT INTO public.coupon ("&A$11&", "&B$11&", """&C$11&""", "&D$11&", "&E$11&", "&F$11&", "&G$11&") VALUES('"&A101&"', "&B101&", "&C101&", "&D101&", '"&E101&"',"&F101&", "&G101&");" -> INSERT INTO public.coupon (plancode, age, "year", couponrate, benefittype, benefitrate, premiumrate) VALUES('EN60', 1, 8, 8, 'A',800, 1.01); | I101: ="{""age"":"""&B101&""", ""year"":"""&C101&""", ""couponrate"":"""&D101&""", ""benefittype"":"""&E101&""", ""benefitrate"":"""&F101&""", """&G$11&""":"""&G101&"""}" -> {"age":"1", "year":"8", "couponrate":"8", "benefittype":"A", "benefitrate":"800", "premiumrate":"1.01"} | J101: =IF(OR(I102="]", I101="[", I101="]"), "", ",") -> ,
A102: ='EN60'!A$3 -> EN60 | B102: =B101 -> 1 | C102: =C101+1 -> 9 | D102: =IF(C102+B102=80,0,8) -> 8 | E102: A | F102: =IF(C102>7, 800, C102*100) -> 800 | G102: =G101 -> 1.01 | H102: ="INSERT INTO public.coupon ("&A$11&", "&B$11&", """&C$11&""", "&D$11&", "&E$11&", "&F$11&", "&G$11&") VALUES('"&A102&"', "&B102&", "&C102&", "&D102&", '"&E102&"',"&F102&", "&G102&");" -> INSERT INTO public.coupon (plancode, age, "year", couponrate, benefittype, benefitrate, premiumrate) VALUES('EN60', 1, 9, 8, 'A',800, 1.01); | I102: ="{""age"":"""&B102&""", ""year"":"""&C102&""", ""couponrate"":"""&D102&""", ""benefittype"":"""&E102&""", ""benefitrate"":"""&F102&""", """&G$11&""":"""&G102&"""}" -> {"age":"1", "year":"9", "couponrate":"8", "benefittype":"A", "benefitrate":"800", "premiumrate":"1.01"} | J102: =IF(OR(I103="]", I102="[", I102="]"), "", ",") -> ,
A103: ='EN60'!A$3 -> EN60 | B103: =B102 -> 1 | C103: =C102+1 -> 10 | D103: =IF(C103+B103=80,0,8) -> 8 | E103: A | F103: =IF(C103>7, 800, C103*100) -> 800 | G103: =G102 -> 1.01 | H103: ="INSERT INTO public.coupon ("&A$11&", "&B$11&", """&C$11&""", "&D$11&", "&E$11&", "&F$11&", "&G$11&") VALUES('"&A103&"', "&B103&", "&C103&", "&D103&", '"&E103&"',"&F103&", "&G103&");" -> INSERT INTO public.coupon (plancode, age, "year", couponrate, benefittype, benefitrate, premiumrate) VALUES('EN60', 1, 10, 8, 'A',800, 1.01); | I103: ="{""age"":"""&B103&""", ""year"":"""&C103&""", ""couponrate"":"""&D103&""", ""benefittype"":"""&E103&""", ""benefitrate"":"""&F103&""", """&G$11&""":"""&G103&"""}" -> {"age":"1", "year":"10", "couponrate":"8", "benefittype":"A", "benefitrate":"800", "premiumrate":"1.01"} | J103: =IF(OR(I104="]", I103="[", I103="]"), "", ",") -> ,
A104: ='EN60'!A$3 -> EN60 | B104: =B103 -> 1 | C104: =C103+1 -> 11 | D104: =IF(C104+B104=80,0,8) -> 8 | E104: A | F104: =IF(C104>7, 800, C104*100) -> 800 | G104: =G103 -> 1.01 | H104: ="INSERT INTO public.coupon ("&A$11&", "&B$11&", """&C$11&""", "&D$11&", "&E$11&", "&F$11&", "&G$11&") VALUES('"&A104&"', "&B104&", "&C104&", "&D104&", '"&E104&"',"&F104&", "&G104&");" -> INSERT INTO public.coupon (plancode, age, "year", couponrate, benefittype, benefitrate, premiumrate) VALUES('EN60', 1, 11, 8, 'A',800, 1.01); | I104: ="{""age"":"""&B104&""", ""year"":"""&C104&""", ""couponrate"":"""&D104&""", ""benefittype"":"""&E104&""", ""benefitrate"":"""&F104&""", """&G$11&""":"""&G104&"""}" -> {"age":"1", "year":"11", "couponrate":"8", "benefittype":"A", "benefitrate":"800", "premiumrate":"1.01"} | J104: =IF(OR(I105="]", I104="[", I104="]"), "", ",") -> ,
A105: ='EN60'!A$3 -> EN60 | B105: =B104 -> 1 | C105: =C104+1 -> 12 | D105: =IF(C105+B105=80,0,8) -> 8 | E105: A | F105: =IF(C105>7, 800, C105*100) -> 800 | G105: =G104 -> 1.01 | H105: ="INSERT INTO public.coupon ("&A$11&", "&B$11&", """&C$11&""", "&D$11&", "&E$11&", "&F$11&", "&G$11&") VALUES('"&A105&"', "&B105&", "&C105&", "&D105&", '"&E105&"',"&F105&", "&G105&");" -> INSERT INTO public.coupon (plancode, age, "year", couponrate, benefittype, benefitrate, premiumrate) VALUES('EN60', 1, 12, 8, 'A',800, 1.01); | I105: ="{""age"":"""&B105&""", ""year"":"""&C105&""", ""couponrate"":"""&D105&""", ""benefittype"":"""&E105&""", ""benefitrate"":"""&F105&""", """&G$11&""":"""&G105&"""}" -> {"age":"1", "year":"12", "couponrate":"8", "benefittype":"A", "benefitrate":"800", "premiumrate":"1.01"} | J105: =IF(OR(I106="]", I105="[", I105="]"), "", ",") -> ,
A106: ='EN60'!A$3 -> EN60 | B106: =B105 -> 1 | C106: =C105+1 -> 13 | D106: =IF(C106+B106=80,0,8) -> 8 | E106: A | F106: =IF(C106>7, 800, C106*100) -> 800 | G106: =G105 -> 1.01 | H106: ="INSERT INTO public.coupon ("&A$11&", "&B$11&", """&C$11&""", "&D$11&", "&E$11&", "&F$11&", "&G$11&") VALUES('"&A106&"', "&B106&", "&C106&", "&D106&", '"&E106&"',"&F106&", "&G106&");" -> INSERT INTO public.coupon (plancode, age, "year", couponrate, benefittype, benefitrate, premiumrate) VALUES('EN60', 1, 13, 8, 'A',800, 1.01); | I106: ="{""age"":"""&B106&""", ""year"":"""&C106&""", ""couponrate"":"""&D106&""", ""benefittype"":"""&E106&""", ""benefitrate"":"""&F106&""", """&G$11&""":"""&G106&"""}" -> {"age":"1", "year":"13", "couponrate":"8", "benefittype":"A", "benefitrate":"800", "premiumrate":"1.01"} | J106: =IF(OR(I107="]", I106="[", I106="]"), "", ",") -> ,
... A171: ='EN60'!A$3 -> EN60 | B171: =B170 -> 1 | C171: =C170+1 -> 78 | D171: =IF(C171+B171=80,0,8) -> 8 | E171: A | F171: =IF(C171>7, 800, C171*100) -> 800 | G171: =G170 -> 1.01 | H171: ="INSERT INTO public.coupon ("&A$11&", "&B$11&", """&C$11&""", "&D$11&", "&E$11&", "&F$11&", "&G$11&") VALUES('"&A171&"', "&B171&", "&C171&", "&D171&", '"&E171&"',"&F171&", "&G171&");" -> INSERT INTO public.coupon (plancode, age, "year", couponrate, benefittype, benefitrate, premiumrate) VALUES('EN60', 1, 78, 8, 'A',800, 1.01); | I171: ="{""age"":"""&B171&""", ""year"":"""&C171&""", ""couponrate"":"""&D171&""", ""benefittype"":"""&E171&""", ""benefitrate"":"""&F171&""", """&G$11&""":"""&G171&"""}" -> {"age":"1", "year":"78", "couponrate":"8", "benefittype":"A", "benefitrate":"800", "premiumrate":"1.01"} | J171: =IF(OR(I172="]", I171="[", I171="]"), "", ",") -> ,
A172: ='EN60'!A$3 -> EN60 | B172: =B171 -> 1 | C172: =C171+1 -> 79 | D172: =IF(C172+B172=80,0,8) -> 0 | E172: A | F172: =IF(C172>7, 800, C172*100) -> 800 | G172: =G171 -> 1.01 | H172: ="INSERT INTO public.coupon ("&A$11&", "&B$11&", """&C$11&""", "&D$11&", "&E$11&", "&F$11&", "&G$11&") VALUES('"&A172&"', "&B172&", "&C172&", "&D172&", '"&E172&"',"&F172&", "&G172&");" -> INSERT INTO public.coupon (plancode, age, "year", couponrate, benefittype, benefitrate, premiumrate) VALUES('EN60', 1, 79, 0, 'A',800, 1.01); | I172: ="{""age"":"""&B172&""", ""year"":"""&C172&""", ""couponrate"":"""&D172&""", ""benefittype"":"""&E172&""", ""benefitrate"":"""&F172&""", """&G$11&""":"""&G172&"""}" -> {"age":"1", "year":"79", "couponrate":"0", "benefittype":"A", "benefitrate":"800", "premiumrate":"1.01"}
I173: ]}]
A174: plancode | B174: age | C174: year | D174: couponrate | E174: benefittype | F174: benefitrate | G174: premiumrate | I174: ="[{""plancode"":"""&A175&""",""returncash"":"""&B$7&""",""ytable"":"""&C$7&""",""maturerate"":"""&B$3&""",""maturepmrate"":"""&C$3&""",""coupon"":[" -> [{"plancode":"EN60","returncash":"1","ytable":"Y","maturerate":"808","maturepmrate":"1.01","coupon":[
A175: ='EN60'!A$3 -> EN60 | B175: 2 | C175: 1 | D175: =IF(C175+B175=80,0,8) -> 8 | E175: A | F175: =IF(C175>7, 800, C175*100) -> 100 | G175: ='EN60'!C$3 -> 1.01 | H175: ="INSERT INTO public.coupon ("&A$11&", "&B$11&", """&C$11&""", "&D$11&", "&E$11&", "&F$11&", "&G$11&") VALUES('"&A175&"', "&B175&", "&C175&", "&D175&", '"&E175&"',"&F175&", "&G175&");" -> INSERT INTO public.coupon (plancode, age, "year", couponrate, benefittype, benefitrate, premiumrate) VALUES('EN60', 2, 1, 8, 'A',100, 1.01); | I175: ="{""age"":"""&B175&""", ""year"":"""&C175&""", ""couponrate"":"""&D175&""", ""benefittype"":"""&E175&""", ""benefitrate"":"""&F175&""", """&G$11&""":"""&G175&"""}" -> {"age":"2", "year":"1", "couponrate":"8", "benefittype":"A", "benefitrate":"100", "premiumrate":"1.01"} | J175: =IF(OR(I176="]", I175="[", I175="]"), "", ",") -> ,
A176: ='EN60'!A$3 -> EN60 | B176: =B175 -> 2 | C176: =C175+1 -> 2 | D176: =IF(C176+B176=80,0,8) -> 8 | E176: A | F176: =IF(C176>7, 800, C176*100) -> 200 | G176: =G175 -> 1.01 | H176: ="INSERT INTO public.coupon ("&A$11&", "&B$11&", """&C$11&""", "&D$11&", "&E$11&", "&F$11&", "&G$11&") VALUES('"&A176&"', "&B176&", "&C176&", "&D176&", '"&E176&"',"&F176&", "&G176&");" -> INSERT INTO public.coupon (plancode, age, "year", couponrate, benefittype, benefitrate, premiumrate) VALUES('EN60', 2, 2, 8, 'A',200, 1.01); | I176: ="{""age"":"""&B176&""", ""year"":"""&C176&""", ""couponrate"":"""&D176&""", ""benefittype"":"""&E176&""", ""benefitrate"":"""&F176&""", """&G$11&""":"""&G176&"""}" -> {"age":"2", "year":"2", "couponrate":"8", "benefittype":"A", "benefitrate":"200", "premiumrate":"1.01"} | J176: =IF(OR(I177="]", I176="[", I176="]"), "", ",") -> ,
A177: ='EN60'!A$3 -> EN60 | B177: =B176 -> 2 | C177: =C176+1 -> 3 | D177: =IF(C177+B177=80,0,8) -> 8 | E177: A | F177: =IF(C177>7, 800, C177*100) -> 300 | G177: =G176 -> 1.01 | H177: ="INSERT INTO public.coupon ("&A$11&", "&B$11&", """&C$11&""", "&D$11&", "&E$11&", "&F$11&", "&G$11&") VALUES('"&A177&"', "&B177&", "&C177&", "&D177&", '"&E177&"',"&F177&", "&G177&");" -> INSERT INTO public.coupon (plancode, age, "year", couponrate, benefittype, benefitrate, premiumrate) VALUES('EN60', 2, 3, 8, 'A',300, 1.01); | I177: ="{""age"":"""&B177&""", ""year"":"""&C177&""", ""couponrate"":"""&D177&""", ""benefittype"":"""&E177&""", ""benefitrate"":"""&F177&""", """&G$11&""":"""&G177&"""}" -> {"age":"2", "year":"3", "couponrate":"8", "benefittype":"A", "benefitrate":"300", "premiumrate":"1.01"} | J177: =IF(OR(I178="]", I177="[", I177="]"), "", ",") -> ,
A178: ='EN60'!A$3 -> EN60 | B178: =B177 -> 2 | C178: =C177+1 -> 4 | D178: =IF(C178+B178=80,0,8) -> 8 | E178: A | F178: =IF(C178>7, 800, C178*100) -> 400 | G178: =G177 -> 1.01 | H178: ="INSERT INTO public.coupon ("&A$11&", "&B$11&", """&C$11&""", "&D$11&", "&E$11&", "&F$11&", "&G$11&") VALUES('"&A178&"', "&B178&", "&C178&", "&D178&", '"&E178&"',"&F178&", "&G178&");" -> INSERT INTO public.coupon (plancode, age, "year", couponrate, benefittype, benefitrate, premiumrate) VALUES('EN60', 2, 4, 8, 'A',400, 1.01); | I178: ="{""age"":"""&B178&""", ""year"":"""&C178&""", ""couponrate"":"""&D178&""", ""benefittype"":"""&E178&""", ""benefitrate"":"""&F178&""", """&G$11&""":"""&G178&"""}" -> {"age":"2", "year":"4", "couponrate":"8", "benefittype":"A", "benefitrate":"400", "premiumrate":"1.01"} | J178: =IF(OR(I179="]", I178="[", I178="]"), "", ",") -> ,
A179: ='EN60'!A$3 -> EN60 | B179: =B178 -> 2 | C179: =C178+1 -> 5 | D179: =IF(C179+B179=80,0,8) -> 8 | E179: A | F179: =IF(C179>7, 800, C179*100) -> 500 | G179: =G178 -> 1.01 | H179: ="INSERT INTO public.coupon ("&A$11&", "&B$11&", """&C$11&""", "&D$11&", "&E$11&", "&F$11&", "&G$11&") VALUES('"&A179&"', "&B179&", "&C179&", "&D179&", '"&E179&"',"&F179&", "&G179&");" -> INSERT INTO public.coupon (plancode, age, "year", couponrate, benefittype, benefitrate, premiumrate) VALUES('EN60', 2, 5, 8, 'A',500, 1.01); | I179: ="{""age"":"""&B179&""", ""year"":"""&C179&""", ""couponrate"":"""&D179&""", ""benefittype"":"""&E179&""", ""benefitrate"":"""&F179&""", """&G$11&""":"""&G179&"""}" -> {"age":"2", "year":"5", "couponrate":"8", "benefittype":"A", "benefitrate":"500", "premiumrate":"1.01"} | J179: =IF(OR(I180="]", I179="[", I179="]"), "", ",") -> ,
A180: ='EN60'!A$3 -> EN60 | B180: =B179 -> 2 | C180: =C179+1 -> 6 | D180: =IF(C180+B180=80,0,8) -> 8 | E180: A | F180: =IF(C180>7, 800, C180*100) -> 600 | G180: =G179 -> 1.01 | H180: ="INSERT INTO public.coupon ("&A$11&", "&B$11&", """&C$11&""", "&D$11&", "&E$11&", "&F$11&", "&G$11&") VALUES('"&A180&"', "&B180&", "&C180&", "&D180&", '"&E180&"',"&F180&", "&G180&");" -> INSERT INTO public.coupon (plancode, age, "year", couponrate, benefittype, benefitrate, premiumrate) VALUES('EN60', 2, 6, 8, 'A',600, 1.01); | I180: ="{""age"":"""&B180&""", ""year"":"""&C180&""", ""couponrate"":"""&D180&""", ""benefittype"":"""&E180&""", ""benefitrate"":"""&F180&""", """&G$11&""":"""&G180&"""}" -> {"age":"2", "year":"6", "couponrate":"8", "benefittype":"A", "benefitrate":"600", "premiumrate":"1.01"} | J180: =IF(OR(I181="]", I180="[", I180="]"), "", ",") -> ,
A181: ='EN60'!A$3 -> EN60 | B181: =B180 -> 2 | C181: =C180+1 -> 7 | D181: =IF(C181+B181=80,0,8) -> 8 | E181: A | F181: =IF(C181>7, 800, C181*100) -> 700 | G181: =G180 -> 1.01 | H181: ="INSERT INTO public.coupon ("&A$11&", "&B$11&", """&C$11&""", "&D$11&", "&E$11&", "&F$11&", "&G$11&") VALUES('"&A181&"', "&B181&", "&C181&", "&D181&", '"&E181&"',"&F181&", "&G181&");" -> INSERT INTO public.coupon (plancode, age, "year", couponrate, benefittype, benefitrate, premiumrate) VALUES('EN60', 2, 7, 8, 'A',700, 1.01); | I181: ="{""age"":"""&B181&""", ""year"":"""&C181&""", ""couponrate"":"""&D181&""", ""benefittype"":"""&E181&""", ""benefitrate"":"""&F181&""", """&G$11&""":"""&G181&"""}" -> {"age":"2", "year":"7", "couponrate":"8", "benefittype":"A", "benefitrate":"700", "premiumrate":"1.01"} | J181: =IF(OR(I182="]", I181="[", I181="]"), "", ",") -> ,
A182: ='EN60'!A$3 -> EN60 | B182: =B181 -> 2 | C182: =C181+1 -> 8 | D182: =IF(C182+B182=80,0,8) -> 8 | E182: A | F182: =IF(C182>7, 800, C182*100) -> 800 | G182: =G181 -> 1.01 | H182: ="INSERT INTO public.coupon ("&A$11&", "&B$11&", """&C$11&""", "&D$11&", "&E$11&", "&F$11&", "&G$11&") VALUES('"&A182&"', "&B182&", "&C182&", "&D182&", '"&E182&"',"&F182&", "&G182&");" -> INSERT INTO public.coupon (plancode, age, "year", couponrate, benefittype, benefitrate, premiumrate) VALUES('EN60', 2, 8, 8, 'A',800, 1.01); | I182: ="{""age"":"""&B182&""", ""year"":"""&C182&""", ""couponrate"":"""&D182&""", ""benefittype"":"""&E182&""", ""benefitrate"":"""&F182&""", """&G$11&""":"""&G182&"""}" -> {"age":"2", "year":"8", "couponrate":"8", "benefittype":"A", "benefitrate":"800", "premiumrate":"1.01"} | J182: =IF(OR(I183="]", I182="[", I182="]"), "", ",") -> ,
A183: ='EN60'!A$3 -> EN60 | B183: =B182 -> 2 | C183: =C182+1 -> 9 | D183: =IF(C183+B183=80,0,8) -> 8 | E183: A | F183: =IF(C183>7, 800, C183*100) -> 800 | G183: =G182 -> 1.01 | H183: ="INSERT INTO public.coupon ("&A$11&", "&B$11&", """&C$11&""", "&D$11&", "&E$11&", "&F$11&", "&G$11&") VALUES('"&A183&"', "&B183&", "&C183&", "&D183&", '"&E183&"',"&F183&", "&G183&");" -> INSERT INTO public.coupon (plancode, age, "year", couponrate, benefittype, benefitrate, premiumrate) VALUES('EN60', 2, 9, 8, 'A',800, 1.01); | I183: ="{""age"":"""&B183&""", ""year"":"""&C183&""", ""couponrate"":"""&D183&""", ""benefittype"":"""&E183&""", ""benefitrate"":"""&F183&""", """&G$11&""":"""&G183&"""}" -> {"age":"2", "year":"9", "couponrate":"8", "benefittype":"A", "benefitrate":"800", "premiumrate":"1.01"} | J183: =IF(OR(I184="]", I183="[", I183="]"), "", ",") -> ,
A184: ='EN60'!A$3 -> EN60 | B184: =B183 -> 2 | C184: =C183+1 -> 10 | D184: =IF(C184+B184=80,0,8) -> 8 | E184: A | F184: =IF(C184>7, 800, C184*100) -> 800 | G184: =G183 -> 1.01 | H184: ="INSERT INTO public.coupon ("&A$11&", "&B$11&", """&C$11&""", "&D$11&", "&E$11&", "&F$11&", "&G$11&") VALUES('"&A184&"', "&B184&", "&C184&", "&D184&", '"&E184&"',"&F184&", "&G184&");" -> INSERT INTO public.coupon (plancode, age, "year", couponrate, benefittype, benefitrate, premiumrate) VALUES('EN60', 2, 10, 8, 'A',800, 1.01); | I184: ="{""age"":"""&B184&""", ""year"":"""&C184&""", ""couponrate"":"""&D184&""", ""benefittype"":"""&E184&""", ""benefitrate"":"""&F184&""", """&G$11&""":"""&G184&"""}" -> {"age":"2", "year":"10", "couponrate":"8", "benefittype":"A", "benefitrate":"800", "premiumrate":"1.01"} | J184: =IF(OR(I185="]", I184="[", I184="]"), "", ",") -> ,
A185: ='EN60'!A$3 -> EN60 | B185: =B184 -> 2 | C185: =C184+1 -> 11 | D185: =IF(C185+B185=80,0,8) -> 8 | E185: A | F185: =IF(C185>7, 800, C185*100) -> 800 | G185: =G184 -> 1.01 | H185: ="INSERT INTO public.coupon ("&A$11&", "&B$11&", """&C$11&""", "&D$11&", "&E$11&", "&F$11&", "&G$11&") VALUES('"&A185&"', "&B185&", "&C185&", "&D185&", '"&E185&"',"&F185&", "&G185&");" -> INSERT INTO public.coupon (plancode, age, "year", couponrate, benefittype, benefitrate, premiumrate) VALUES('EN60', 2, 11, 8, 'A',800, 1.01); | I185: ="{""age"":"""&B185&""", ""year"":"""&C185&""", ""couponrate"":"""&D185&""", ""benefittype"":"""&E185&""", ""benefitrate"":"""&F185&""", """&G$11&""":"""&G185&"""}" -> {"age":"2", "year":"11", "couponrate":"8", "benefittype":"A", "benefitrate":"800", "premiumrate":"1.01"} | J185: =IF(OR(I186="]", I185="[", I185="]"), "", ",") -> ,
A186: ='EN60'!A$3 -> EN60 | B186: =B185 -> 2 | C186: =C185+1 -> 12 | D186: =IF(C186+B186=80,0,8) -> 8 | E186: A | F186: =IF(C186>7, 800, C186*100) -> 800 | G186: =G185 -> 1.01 | H186: ="INSERT INTO public.coupon ("&A$11&", "&B$11&", """&C$11&""", "&D$11&", "&E$11&", "&F$11&", "&G$11&") VALUES('"&A186&"', "&B186&", "&C186&", "&D186&", '"&E186&"',"&F186&", "&G186&");" -> INSERT INTO public.coupon (plancode, age, "year", couponrate, benefittype, benefitrate, premiumrate) VALUES('EN60', 2, 12, 8, 'A',800, 1.01); | I186: ="{""age"":"""&B186&""", ""year"":"""&C186&""", ""couponrate"":"""&D186&""", ""benefittype"":"""&E186&""", ""benefitrate"":"""&F186&""", """&G$11&""":"""&G186&"""}" -> {"age":"2", "year":"12", "couponrate":"8", "benefittype":"A", "benefitrate":"800", "premiumrate":"1.01"} | J186: =IF(OR(I187="]", I186="[", I186="]"), "", ",") -> ,
A187: ='EN60'!A$3 -> EN60 | B187: =B186 -> 2 | C187: =C186+1 -> 13 | D187: =IF(C187+B187=80,0,8) -> 8 | E187: A | F187: =IF(C187>7, 800, C187*100) -> 800 | G187: =G186 -> 1.01 | H187: ="INSERT INTO public.coupon ("&A$11&", "&B$11&", """&C$11&""", "&D$11&", "&E$11&", "&F$11&", "&G$11&") VALUES('"&A187&"', "&B187&", "&C187&", "&D187&", '"&E187&"',"&F187&", "&G187&");" -> INSERT INTO public.coupon (plancode, age, "year", couponrate, benefittype, benefitrate, premiumrate) VALUES('EN60', 2, 13, 8, 'A',800, 1.01); | I187: ="{""age"":"""&B187&""", ""year"":"""&C187&""", ""couponrate"":"""&D187&""", ""benefittype"":"""&E187&""", ""benefitrate"":"""&F187&""", """&G$11&""":"""&G187&"""}" -> {"age":"2", "year":"13", "couponrate":"8", "benefittype":"A", "benefitrate":"800", "premiumrate":"1.01"} | J187: =IF(OR(I188="]", I187="[", I187="]"), "", ",") -> ,
... A251: ='EN60'!A$3 -> EN60 | B251: =B250 -> 2 | C251: =C250+1 -> 77 | D251: =IF(C251+B251=80,0,8) -> 8 | E251: A | F251: =IF(C251>7, 800, C251*100) -> 800 | G251: =G250 -> 1.01 | H251: ="INSERT INTO public.coupon ("&A$11&", "&B$11&", """&C$11&""", "&D$11&", "&E$11&", "&F$11&", "&G$11&") VALUES('"&A251&"', "&B251&", "&C251&", "&D251&", '"&E251&"',"&F251&", "&G251&");" -> INSERT INTO public.coupon (plancode, age, "year", couponrate, benefittype, benefitrate, premiumrate) VALUES('EN60', 2, 77, 8, 'A',800, 1.01); | I251: ="{""age"":"""&B251&""", ""year"":"""&C251&""", ""couponrate"":"""&D251&""", ""benefittype"":"""&E251&""", ""benefitrate"":"""&F251&""", """&G$11&""":"""&G251&"""}" -> {"age":"2", "year":"77", "couponrate":"8", "benefittype":"A", "benefitrate":"800", "premiumrate":"1.01"} | J251: =IF(OR(I252="]", I251="[", I251="]"), "", ",") -> ,
A252: ='EN60'!A$3 -> EN60 | B252: =B251 -> 2 | C252: =C251+1 -> 78 | D252: =IF(C252+B252=80,0,8) -> 0 | E252: A | F252: =IF(C252>7, 800, C252*100) -> 800 | G252: =G251 -> 1.01 | H252: ="INSERT INTO public.coupon ("&A$11&", "&B$11&", """&C$11&""", "&D$11&", "&E$11&", "&F$11&", "&G$11&") VALUES('"&A252&"', "&B252&", "&C252&", "&D252&", '"&E252&"',"&F252&", "&G252&");" -> INSERT INTO public.coupon (plancode, age, "year", couponrate, benefittype, benefitrate, premiumrate) VALUES('EN60', 2, 78, 0, 'A',800, 1.01); | I252: ="{""age"":"""&B252&""", ""year"":"""&C252&""", ""couponrate"":"""&D252&""", ""benefittype"":"""&E252&""", ""benefitrate"":"""&F252&""", """&G$11&""":"""&G252&"""}" -> {"age":"2", "year":"78", "couponrate":"0", "benefittype":"A", "benefitrate":"800", "premiumrate":"1.01"}
I253: ]}]
A254: plancode | B254: age | C254: year | D254: couponrate | E254: benefittype | F254: benefitrate | G254: premiumrate | I254: ="[{""plancode"":"""&A255&""",""returncash"":"""&B$7&""",""ytable"":"""&C$7&""",""maturerate"":"""&B$3&""",""maturepmrate"":"""&C$3&""",""coupon"":[" -> [{"plancode":"EN60","returncash":"1","ytable":"Y","maturerate":"808","maturepmrate":"1.01","coupon":[
A255: ='EN60'!A$3 -> EN60 | B255: 3 | C255: 1 | D255: =IF(C255+B255=80,0,8) -> 8 | E255: A | F255: =IF(C255>7, 800, C255*100) -> 100 | G255: ='EN60'!C$3 -> 1.01 | H255: ="INSERT INTO public.coupon ("&A$11&", "&B$11&", """&C$11&""", "&D$11&", "&E$11&", "&F$11&", "&G$11&") VALUES('"&A255&"', "&B255&", "&C255&", "&D255&", '"&E255&"',"&F255&", "&G255&");" -> INSERT INTO public.coupon (plancode, age, "year", couponrate, benefittype, benefitrate, premiumrate) VALUES('EN60', 3, 1, 8, 'A',100, 1.01); | I255: ="{""age"":"""&B255&""", ""year"":"""&C255&""", ""couponrate"":"""&D255&""", ""benefittype"":"""&E255&""", ""benefitrate"":"""&F255&""", """&G$11&""":"""&G255&"""}" -> {"age":"3", "year":"1", "couponrate":"8", "benefittype":"A", "benefitrate":"100", "premiumrate":"1.01"} | J255: =IF(OR(I256="]", I255="[", I255="]"), "", ",") -> ,
A256: ='EN60'!A$3 -> EN60 | B256: =B255 -> 3 | C256: =C255+1 -> 2 | D256: =IF(C256+B256=80,0,8) -> 8 | E256: A | F256: =IF(C256>7, 800, C256*100) -> 200 | G256: =G255 -> 1.01 | H256: ="INSERT INTO public.coupon ("&A$11&", "&B$11&", """&C$11&""", "&D$11&", "&E$11&", "&F$11&", "&G$11&") VALUES('"&A256&"', "&B256&", "&C256&", "&D256&", '"&E256&"',"&F256&", "&G256&");" -> INSERT INTO public.coupon (plancode, age, "year", couponrate, benefittype, benefitrate, premiumrate) VALUES('EN60', 3, 2, 8, 'A',200, 1.01); | I256: ="{""age"":"""&B256&""", ""year"":"""&C256&""", ""couponrate"":"""&D256&""", ""benefittype"":"""&E256&""", ""benefitrate"":"""&F256&""", """&G$11&""":"""&G256&"""}" -> {"age":"3", "year":"2", "couponrate":"8", "benefittype":"A", "benefitrate":"200", "premiumrate":"1.01"} | J256: =IF(OR(I257="]", I256="[", I256="]"), "", ",") -> ,
A257: ='EN60'!A$3 -> EN60 | B257: =B256 -> 3 | C257: =C256+1 -> 3 | D257: =IF(C257+B257=80,0,8) -> 8 | E257: A | F257: =IF(C257>7, 800, C257*100) -> 300 | G257: =G256 -> 1.01 | H257: ="INSERT INTO public.coupon ("&A$11&", "&B$11&", """&C$11&""", "&D$11&", "&E$11&", "&F$11&", "&G$11&") VALUES('"&A257&"', "&B257&", "&C257&", "&D257&", '"&E257&"',"&F257&", "&G257&");" -> INSERT INTO public.coupon (plancode, age, "year", couponrate, benefittype, benefitrate, premiumrate) VALUES('EN60', 3, 3, 8, 'A',300, 1.01); | I257: ="{""age"":"""&B257&""", ""year"":"""&C257&""", ""couponrate"":"""&D257&""", ""benefittype"":"""&E257&""", ""benefitrate"":"""&F257&""", """&G$11&""":"""&G257&"""}" -> {"age":"3", "year":"3", "couponrate":"8", "benefittype":"A", "benefitrate":"300", "premiumrate":"1.01"} | J257: =IF(OR(I258="]", I257="[", I257="]"), "", ",") -> ,
A258: ='EN60'!A$3 -> EN60 | B258: =B257 -> 3 | C258: =C257+1 -> 4 | D258: =IF(C258+B258=80,0,8) -> 8 | E258: A | F258: =IF(C258>7, 800, C258*100) -> 400 | G258: =G257 -> 1.01 | H258: ="INSERT INTO public.coupon ("&A$11&", "&B$11&", """&C$11&""", "&D$11&", "&E$11&", "&F$11&", "&G$11&") VALUES('"&A258&"', "&B258&", "&C258&", "&D258&", '"&E258&"',"&F258&", "&G258&");" -> INSERT INTO public.coupon (plancode, age, "year", couponrate, benefittype, benefitrate, premiumrate) VALUES('EN60', 3, 4, 8, 'A',400, 1.01); | I258: ="{""age"":"""&B258&""", ""year"":"""&C258&""", ""couponrate"":"""&D258&""", ""benefittype"":"""&E258&""", ""benefitrate"":"""&F258&""", """&G$11&""":"""&G258&"""}" -> {"age":"3", "year":"4", "couponrate":"8", "benefittype":"A", "benefitrate":"400", "premiumrate":"1.01"} | J258: =IF(OR(I259="]", I258="[", I258="]"), "", ",") -> ,
A259: ='EN60'!A$3 -> EN60 | B259: =B258 -> 3 | C259: =C258+1 -> 5 | D259: =IF(C259+B259=80,0,8) -> 8 | E259: A | F259: =IF(C259>7, 800, C259*100) -> 500 | G259: =G258 -> 1.01 | H259: ="INSERT INTO public.coupon ("&A$11&", "&B$11&", """&C$11&""", "&D$11&", "&E$11&", "&F$11&", "&G$11&") VALUES('"&A259&"', "&B259&", "&C259&", "&D259&", '"&E259&"',"&F259&", "&G259&");" -> INSERT INTO public.coupon (plancode, age, "year", couponrate, benefittype, benefitrate, premiumrate) VALUES('EN60', 3, 5, 8, 'A',500, 1.01); | I259: ="{""age"":"""&B259&""", ""year"":"""&C259&""", ""couponrate"":"""&D259&""", ""benefittype"":"""&E259&""", ""benefitrate"":"""&F259&""", """&G$11&""":"""&G259&"""}" -> {"age":"3", "year":"5", "couponrate":"8", "benefittype":"A", "benefitrate":"500", "premiumrate":"1.01"} | J259: =IF(OR(I260="]", I259="[", I259="]"), "", ",") -> ,
A260: ='EN60'!A$3 -> EN60 | B260: =B259 -> 3 | C260: =C259+1 -> 6 | D260: =IF(C260+B260=80,0,8) -> 8 | E260: A | F260: =IF(C260>7, 800, C260*100) -> 600 | G260: =G259 -> 1.01 | H260: ="INSERT INTO public.coupon ("&A$11&", "&B$11&", """&C$11&""", "&D$11&", "&E$11&", "&F$11&", "&G$11&") VALUES('"&A260&"', "&B260&", "&C260&", "&D260&", '"&E260&"',"&F260&", "&G260&");" -> INSERT INTO public.coupon (plancode, age, "year", couponrate, benefittype, benefitrate, premiumrate) VALUES('EN60', 3, 6, 8, 'A',600, 1.01); | I260: ="{""age"":"""&B260&""", ""year"":"""&C260&""", ""couponrate"":"""&D260&""", ""benefittype"":"""&E260&""", ""benefitrate"":"""&F260&""", """&G$11&""":"""&G260&"""}" -> {"age":"3", "year":"6", "couponrate":"8", "benefittype":"A", "benefitrate":"600", "premiumrate":"1.01"} | J260: =IF(OR(I261="]", I260="[", I260="]"), "", ",") -> ,
A261: ='EN60'!A$3 -> EN60 | B261: =B260 -> 3 | C261: =C260+1 -> 7 | D261: =IF(C261+B261=80,0,8) -> 8 | E261: A | F261: =IF(C261>7, 800, C261*100) -> 700 | G261: =G260 -> 1.01 | H261: ="INSERT INTO public.coupon ("&A$11&", "&B$11&", """&C$11&""", "&D$11&", "&E$11&", "&F$11&", "&G$11&") VALUES('"&A261&"', "&B261&", "&C261&", "&D261&", '"&E261&"',"&F261&", "&G261&");" -> INSERT INTO public.coupon (plancode, age, "year", couponrate, benefittype, benefitrate, premiumrate) VALUES('EN60', 3, 7, 8, 'A',700, 1.01); | I261: ="{""age"":"""&B261&""", ""year"":"""&C261&""", ""couponrate"":"""&D261&""", ""benefittype"":"""&E261&""", ""benefitrate"":"""&F261&""", """&G$11&""":"""&G261&"""}" -> {"age":"3", "year":"7", "couponrate":"8", "benefittype":"A", "benefitrate":"700", "premiumrate":"1.01"} | J261: =IF(OR(I262="]", I261="[", I261="]"), "", ",") -> ,
A262: ='EN60'!A$3 -> EN60 | B262: =B261 -> 3 | C262: =C261+1 -> 8 | D262: =IF(C262+B262=80,0,8) -> 8 | E262: A | F262: =IF(C262>7, 800, C262*100) -> 800 | G262: =G261 -> 1.01 | H262: ="INSERT INTO public.coupon ("&A$11&", "&B$11&", """&C$11&""", "&D$11&", "&E$11&", "&F$11&", "&G$11&") VALUES('"&A262&"', "&B262&", "&C262&", "&D262&", '"&E262&"',"&F262&", "&G262&");" -> INSERT INTO public.coupon (plancode, age, "year", couponrate, benefittype, benefitrate, premiumrate) VALUES('EN60', 3, 8, 8, 'A',800, 1.01); | I262: ="{""age"":"""&B262&""", ""year"":"""&C262&""", ""couponrate"":"""&D262&""", ""benefittype"":"""&E262&""", ""benefitrate"":"""&F262&""", """&G$11&""":"""&G262&"""}" -> {"age":"3", "year":"8", "couponrate":"8", "benefittype":"A", "benefitrate":"800", "premiumrate":"1.01"} | J262: =IF(OR(I263="]", I262="[", I262="]"), "", ",") -> ,
A263: ='EN60'!A$3 -> EN60 | B263: =B262 -> 3 | C263: =C262+1 -> 9 | D263: =IF(C263+B263=80,0,8) -> 8 | E263: A | F263: =IF(C263>7, 800, C263*100) -> 800 | G263: =G262 -> 1.01 | H263: ="INSERT INTO public.coupon ("&A$11&", "&B$11&", """&C$11&""", "&D$11&", "&E$11&", "&F$11&", "&G$11&") VALUES('"&A263&"', "&B263&", "&C263&", "&D263&", '"&E263&"',"&F263&", "&G263&");" -> INSERT INTO public.coupon (plancode, age, "year", couponrate, benefittype, benefitrate, premiumrate) VALUES('EN60', 3, 9, 8, 'A',800, 1.01); | I263: ="{""age"":"""&B263&""", ""year"":"""&C263&""", ""couponrate"":"""&D263&""", ""benefittype"":"""&E263&""", ""benefitrate"":"""&F263&""", """&G$11&""":"""&G263&"""}" -> {"age":"3", "year":"9", "couponrate":"8", "benefittype":"A", "benefitrate":"800", "premiumrate":"1.01"} | J263: =IF(OR(I264="]", I263="[", I263="]"), "", ",") -> ,
A264: ='EN60'!A$3 -> EN60 | B264: =B263 -> 3 | C264: =C263+1 -> 10 | D264: =IF(C264+B264=80,0,8) -> 8 | E264: A | F264: =IF(C264>7, 800, C264*100) -> 800 | G264: =G263 -> 1.01 | H264: ="INSERT INTO public.coupon ("&A$11&", "&B$11&", """&C$11&""", "&D$11&", "&E$11&", "&F$11&", "&G$11&") VALUES('"&A264&"', "&B264&", "&C264&", "&D264&", '"&E264&"',"&F264&", "&G264&");" -> INSERT INTO public.coupon (plancode, age, "year", couponrate, benefittype, benefitrate, premiumrate) VALUES('EN60', 3, 10, 8, 'A',800, 1.01); | I264: ="{""age"":"""&B264&""", ""year"":"""&C264&""", ""couponrate"":"""&D264&""", ""benefittype"":"""&E264&""", ""benefitrate"":"""&F264&""", """&G$11&""":"""&G264&"""}" -> {"age":"3", "year":"10", "couponrate":"8", "benefittype":"A", "benefitrate":"800", "premiumrate":"1.01"} | J264: =IF(OR(I265="]", I264="[", I264="]"), "", ",") -> ,
A265: ='EN60'!A$3 -> EN60 | B265: =B264 -> 3 | C265: =C264+1 -> 11 | D265: =IF(C265+B265=80,0,8) -> 8 | E265: A | F265: =IF(C265>7, 800, C265*100) -> 800 | G265: =G264 -> 1.01 | H265: ="INSERT INTO public.coupon ("&A$11&", "&B$11&", """&C$11&""", "&D$11&", "&E$11&", "&F$11&", "&G$11&") VALUES('"&A265&"', "&B265&", "&C265&", "&D265&", '"&E265&"',"&F265&", "&G265&");" -> INSERT INTO public.coupon (plancode, age, "year", couponrate, benefittype, benefitrate, premiumrate) VALUES('EN60', 3, 11, 8, 'A',800, 1.01); | I265: ="{""age"":"""&B265&""", ""year"":"""&C265&""", ""couponrate"":"""&D265&""", ""benefittype"":"""&E265&""", ""benefitrate"":"""&F265&""", """&G$11&""":"""&G265&"""}" -> {"age":"3", "year":"11", "couponrate":"8", "benefittype":"A", "benefitrate":"800", "premiumrate":"1.01"} | J265: =IF(OR(I266="]", I265="[", I265="]"), "", ",") -> ,
A266: ='EN60'!A$3 -> EN60 | B266: =B265 -> 3 | C266: =C265+1 -> 12 | D266: =IF(C266+B266=80,0,8) -> 8 | E266: A | F266: =IF(C266>7, 800, C266*100) -> 800 | G266: =G265 -> 1.01 | H266: ="INSERT INTO public.coupon ("&A$11&", "&B$11&", """&C$11&""", "&D$11&", "&E$11&", "&F$11&", "&G$11&") VALUES('"&A266&"', "&B266&", "&C266&", "&D266&", '"&E266&"',"&F266&", "&G266&");" -> INSERT INTO public.coupon (plancode, age, "year", couponrate, benefittype, benefitrate, premiumrate) VALUES('EN60', 3, 12, 8, 'A',800, 1.01); | I266: ="{""age"":"""&B266&""", ""year"":"""&C266&""", ""couponrate"":"""&D266&""", ""benefittype"":"""&E266&""", ""benefitrate"":"""&F266&""", """&G$11&""":"""&G266&"""}" -> {"age":"3", "year":"12", "couponrate":"8", "benefittype":"A", "benefitrate":"800", "premiumrate":"1.01"} | J266: =IF(OR(I267="]", I266="[", I266="]"), "", ",") -> ,
A267: ='EN60'!A$3 -> EN60 | B267: =B266 -> 3 | C267: =C266+1 -> 13 | D267: =IF(C267+B267=80,0,8) -> 8 | E267: A | F267: =IF(C267>7, 800, C267*100) -> 800 | G267: =G266 -> 1.01 | H267: ="INSERT INTO public.coupon ("&A$11&", "&B$11&", """&C$11&""", "&D$11&", "&E$11&", "&F$11&", "&G$11&") VALUES('"&A267&"', "&B267&", "&C267&", "&D267&", '"&E267&"',"&F267&", "&G267&");" -> INSERT INTO public.coupon (plancode, age, "year", couponrate, benefittype, benefitrate, premiumrate) VALUES('EN60', 3, 13, 8, 'A',800, 1.01); | I267: ="{""age"":"""&B267&""", ""year"":"""&C267&""", ""couponrate"":"""&D267&""", ""benefittype"":"""&E267&""", ""benefitrate"":"""&F267&""", """&G$11&""":"""&G267&"""}" -> {"age":"3", "year":"13", "couponrate":"8", "benefittype":"A", "benefitrate":"800", "premiumrate":"1.01"} | J267: =IF(OR(I268="]", I267="[", I267="]"), "", ",") -> ,
... A330: ='EN60'!A$3 -> EN60 | B330: =B329 -> 3 | C330: =C329+1 -> 76 | D330: =IF(C330+B330=80,0,8) -> 8 | E330: A | F330: =IF(C330>7, 800, C330*100) -> 800 | G330: =G329 -> 1.01 | H330: ="INSERT INTO public.coupon ("&A$11&", "&B$11&", """&C$11&""", "&D$11&", "&E$11&", "&F$11&", "&G$11&") VALUES('"&A330&"', "&B330&", "&C330&", "&D330&", '"&E330&"',"&F330&", "&G330&");" -> INSERT INTO public.coupon (plancode, age, "year", couponrate, benefittype, benefitrate, premiumrate) VALUES('EN60', 3, 76, 8, 'A',800, 1.01); | I330: ="{""age"":"""&B330&""", ""year"":"""&C330&""", ""couponrate"":"""&D330&""", ""benefittype"":"""&E330&""", ""benefitrate"":"""&F330&""", """&G$11&""":"""&G330&"""}" -> {"age":"3", "year":"76", "couponrate":"8", "benefittype":"A", "benefitrate":"800", "premiumrate":"1.01"} | J330: =IF(OR(I331="]", I330="[", I330="]"), "", ",") -> ,
A331: ='EN60'!A$3 -> EN60 | B331: =B330 -> 3 | C331: =C330+1 -> 77 | D331: =IF(C331+B331=80,0,8) -> 0 | E331: A | F331: =IF(C331>7, 800, C331*100) -> 800 | G331: =G330 -> 1.01 | H331: ="INSERT INTO public.coupon ("&A$11&", "&B$11&", """&C$11&""", "&D$11&", "&E$11&", "&F$11&", "&G$11&") VALUES('"&A331&"', "&B331&", "&C331&", "&D331&", '"&E331&"',"&F331&", "&G331&");" -> INSERT INTO public.coupon (plancode, age, "year", couponrate, benefittype, benefitrate, premiumrate) VALUES('EN60', 3, 77, 0, 'A',800, 1.01); | I331: ="{""age"":"""&B331&""", ""year"":"""&C331&""", ""couponrate"":"""&D331&""", ""benefittype"":"""&E331&""", ""benefitrate"":"""&F331&""", """&G$11&""":"""&G331&"""}" -> {"age":"3", "year":"77", "couponrate":"0", "benefittype":"A", "benefitrate":"800", "premiumrate":"1.01"}
I332: ]}]
A333: plancode | B333: age | C333: year | D333: couponrate | E333: benefittype | F333: benefitrate | G333: premiumrate | I333: ="[{""plancode"":"""&A334&""",""returncash"":"""&B$7&""",""ytable"":"""&C$7&""",""maturerate"":"""&B$3&""",""maturepmrate"":"""&C$3&""",""coupon"":[" -> [{"plancode":"EN60","returncash":"1","ytable":"Y","maturerate":"808","maturepmrate":"1.01","coupon":[
A334: ='EN60'!A$3 -> EN60 | B334: 4 | C334: 1 | D334: =IF(C334+B334=80,0,8) -> 8 | E334: A | F334: =IF(C334>7, 800, C334*100) -> 100 | G334: ='EN60'!C$3 -> 1.01 | H334: ="INSERT INTO public.coupon ("&A$11&", "&B$11&", """&C$11&""", "&D$11&", "&E$11&", "&F$11&", "&G$11&") VALUES('"&A334&"', "&B334&", "&C334&", "&D334&", '"&E334&"',"&F334&", "&G334&");" -> INSERT INTO public.coupon (plancode, age, "year", couponrate, benefittype, benefitrate, premiumrate) VALUES('EN60', 4, 1, 8, 'A',100, 1.01); | I334: ="{""age"":"""&B334&""", ""year"":"""&C334&""", ""couponrate"":"""&D334&""", ""benefittype"":"""&E334&""", ""benefitrate"":"""&F334&""", """&G$11&""":"""&G334&"""}" -> {"age":"4", "year":"1", "couponrate":"8", "benefittype":"A", "benefitrate":"100", "premiumrate":"1.01"} | J334: =IF(OR(I335="]", I334="[", I334="]"), "", ",") -> ,
A335: ='EN60'!A$3 -> EN60 | B335: =B334 -> 4 | C335: =C334+1 -> 2 | D335: =IF(C335+B335=80,0,8) -> 8 | E335: A | F335: =IF(C335>7, 800, C335*100) -> 200 | G335: =G334 -> 1.01 | H335: ="INSERT INTO public.coupon ("&A$11&", "&B$11&", """&C$11&""", "&D$11&", "&E$11&", "&F$11&", "&G$11&") VALUES('"&A335&"', "&B335&", "&C335&", "&D335&", '"&E335&"',"&F335&", "&G335&");" -> INSERT INTO public.coupon (plancode, age, "year", couponrate, benefittype, benefitrate, premiumrate) VALUES('EN60', 4, 2, 8, 'A',200, 1.01); | I335: ="{""age"":"""&B335&""", ""year"":"""&C335&""", ""couponrate"":"""&D335&""", ""benefittype"":"""&E335&""", ""benefitrate"":"""&F335&""", """&G$11&""":"""&G335&"""}" -> {"age":"4", "year":"2", "couponrate":"8", "benefittype":"A", "benefitrate":"200", "premiumrate":"1.01"} | J335: =IF(OR(I336="]", I335="[", I335="]"), "", ",") -> ,
A336: ='EN60'!A$3 -> EN60 | B336: =B335 -> 4 | C336: =C335+1 -> 3 | D336: =IF(C336+B336=80,0,8) -> 8 | E336: A | F336: =IF(C336>7, 800, C336*100) -> 300 | G336: =G335 -> 1.01 | H336: ="INSERT INTO public.coupon ("&A$11&", "&B$11&", """&C$11&""", "&D$11&", "&E$11&", "&F$11&", "&G$11&") VALUES('"&A336&"', "&B336&", "&C336&", "&D336&", '"&E336&"',"&F336&", "&G336&");" -> INSERT INTO public.coupon (plancode, age, "year", couponrate, benefittype, benefitrate, premiumrate) VALUES('EN60', 4, 3, 8, 'A',300, 1.01); | I336: ="{""age"":"""&B336&""", ""year"":"""&C336&""", ""couponrate"":"""&D336&""", ""benefittype"":"""&E336&""", ""benefitrate"":"""&F336&""", """&G$11&""":"""&G336&"""}" -> {"age":"4", "year":"3", "couponrate":"8", "benefittype":"A", "benefitrate":"300", "premiumrate":"1.01"} | J336: =IF(OR(I337="]", I336="[", I336="]"), "", ",") -> ,
A337: ='EN60'!A$3 -> EN60 | B337: =B336 -> 4 | C337: =C336+1 -> 4 | D337: =IF(C337+B337=80,0,8) -> 8 | E337: A | F337: =IF(C337>7, 800, C337*100) -> 400 | G337: =G336 -> 1.01 | H337: ="INSERT INTO public.coupon ("&A$11&", "&B$11&", """&C$11&""", "&D$11&", "&E$11&", "&F$11&", "&G$11&") VALUES('"&A337&"', "&B337&", "&C337&", "&D337&", '"&E337&"',"&F337&", "&G337&");" -> INSERT INTO public.coupon (plancode, age, "year", couponrate, benefittype, benefitrate, premiumrate) VALUES('EN60', 4, 4, 8, 'A',400, 1.01); | I337: ="{""age"":"""&B337&""", ""year"":"""&C337&""", ""couponrate"":"""&D337&""", ""benefittype"":"""&E337&""", ""benefitrate"":"""&F337&""", """&G$11&""":"""&G337&"""}" -> {"age":"4", "year":"4", "couponrate":"8", "benefittype":"A", "benefitrate":"400", "premiumrate":"1.01"} | J337: =IF(OR(I338="]", I337="[", I337="]"), "", ",") -> ,
A338: ='EN60'!A$3 -> EN60 | B338: =B337 -> 4 | C338: =C337+1 -> 5 | D338: =IF(C338+B338=80,0,8) -> 8 | E338: A | F338: =IF(C338>7, 800, C338*100) -> 500 | G338: =G337 -> 1.01 | H338: ="INSERT INTO public.coupon ("&A$11&", "&B$11&", """&C$11&""", "&D$11&", "&E$11&", "&F$11&", "&G$11&") VALUES('"&A338&"', "&B338&", "&C338&", "&D338&", '"&E338&"',"&F338&", "&G338&");" -> INSERT INTO public.coupon (plancode, age, "year", couponrate, benefittype, benefitrate, premiumrate) VALUES('EN60', 4, 5, 8, 'A',500, 1.01); | I338: ="{""age"":"""&B338&""", ""year"":"""&C338&""", ""couponrate"":"""&D338&""", ""benefittype"":"""&E338&""", ""benefitrate"":"""&F338&""", """&G$11&""":"""&G338&"""}" -> {"age":"4", "year":"5", "couponrate":"8", "benefittype":"A", "benefitrate":"500", "premiumrate":"1.01"} | J338: =IF(OR(I339="]", I338="[", I338="]"), "", ",") -> ,
A339: ='EN60'!A$3 -> EN60 | B339: =B338 -> 4 | C339: =C338+1 -> 6 | D339: =IF(C339+B339=80,0,8) -> 8 | E339: A | F339: =IF(C339>7, 800, C339*100) -> 600 | G339: =G338 -> 1.01 | H339: ="INSERT INTO public.coupon ("&A$11&", "&B$11&", """&C$11&""", "&D$11&", "&E$11&", "&F$11&", "&G$11&") VALUES('"&A339&"', "&B339&", "&C339&", "&D339&", '"&E339&"',"&F339&", "&G339&");" -> INSERT INTO public.coupon (plancode, age, "year", couponrate, benefittype, benefitrate, premiumrate) VALUES('EN60', 4, 6, 8, 'A',600, 1.01); | I339: ="{""age"":"""&B339&""", ""year"":"""&C339&""", ""couponrate"":"""&D339&""", ""benefittype"":"""&E339&""", ""benefitrate"":"""&F339&""", """&G$11&""":"""&G339&"""}" -> {"age":"4", "year":"6", "couponrate":"8", "benefittype":"A", "benefitrate":"600", "premiumrate":"1.01"} | J339: =IF(OR(I340="]", I339="[", I339="]"), "", ",") -> ,
A340: ='EN60'!A$3 -> EN60 | B340: =B339 -> 4 | C340: =C339+1 -> 7 | D340: =IF(C340+B340=80,0,8) -> 8 | E340: A | F340: =IF(C340>7, 800, C340*100) -> 700 | G340: =G339 -> 1.01 | H340: ="INSERT INTO public.coupon ("&A$11&", "&B$11&", """&C$11&""", "&D$11&", "&E$11&", "&F$11&", "&G$11&") VALUES('"&A340&"', "&B340&", "&C340&", "&D340&", '"&E340&"',"&F340&", "&G340&");" -> INSERT INTO public.coupon (plancode, age, "year", couponrate, benefittype, benefitrate, premiumrate) VALUES('EN60', 4, 7, 8, 'A',700, 1.01); | I340: ="{""age"":"""&B340&""", ""year"":"""&C340&""", ""couponrate"":"""&D340&""", ""benefittype"":"""&E340&""", ""benefitrate"":"""&F340&""", """&G$11&""":"""&G340&"""}" -> {"age":"4", "year":"7", "couponrate":"8", "benefittype":"A", "benefitrate":"700", "premiumrate":"1.01"} | J340: =IF(OR(I341="]", I340="[", I340="]"), "", ",") -> ,
A341: ='EN60'!A$3 -> EN60 | B341: =B340 -> 4 | C341: =C340+1 -> 8 | D341: =IF(C341+B341=80,0,8) -> 8 | E341: A | F341: =IF(C341>7, 800, C341*100) -> 800 | G341: =G340 -> 1.01 | H341: ="INSERT INTO public.coupon ("&A$11&", "&B$11&", """&C$11&""", "&D$11&", "&E$11&", "&F$11&", "&G$11&") VALUES('"&A341&"', "&B341&", "&C341&", "&D341&", '"&E341&"',"&F341&", "&G341&");" -> INSERT INTO public.coupon (plancode, age, "year", couponrate, benefittype, benefitrate, premiumrate) VALUES('EN60', 4, 8, 8, 'A',800, 1.01); | I341: ="{""age"":"""&B341&""", ""year"":"""&C341&""", ""couponrate"":"""&D341&""", ""benefittype"":"""&E341&""", ""benefitrate"":"""&F341&""", """&G$11&""":"""&G341&"""}" -> {"age":"4", "year":"8", "couponrate":"8", "benefittype":"A", "benefitrate":"800", "premiumrate":"1.01"} | J341: =IF(OR(I342="]", I341="[", I341="]"), "", ",") -> ,
A342: ='EN60'!A$3 -> EN60 | B342: =B341 -> 4 | C342: =C341+1 -> 9 | D342: =IF(C342+B342=80,0,8) -> 8 | E342: A | F342: =IF(C342>7, 800, C342*100) -> 800 | G342: =G341 -> 1.01 | H342: ="INSERT INTO public.coupon ("&A$11&", "&B$11&", """&C$11&""", "&D$11&", "&E$11&", "&F$11&", "&G$11&") VALUES('"&A342&"', "&B342&", "&C342&", "&D342&", '"&E342&"',"&F342&", "&G342&");" -> INSERT INTO public.coupon (plancode, age, "year", couponrate, benefittype, benefitrate, premiumrate) VALUES('EN60', 4, 9, 8, 'A',800, 1.01); | I342: ="{""age"":"""&B342&""", ""year"":"""&C342&""", ""couponrate"":"""&D342&""", ""benefittype"":"""&E342&""", ""benefitrate"":"""&F342&""", """&G$11&""":"""&G342&"""}" -> {"age":"4", "year":"9", "couponrate":"8", "benefittype":"A", "benefitrate":"800", "premiumrate":"1.01"} | J342: =IF(OR(I343="]", I342="[", I342="]"), "", ",") -> ,
A343: ='EN60'!A$3 -> EN60 | B343: =B342 -> 4 | C343: =C342+1 -> 10 | D343: =IF(C343+B343=80,0,8) -> 8 | E343: A | F343: =IF(C343>7, 800, C343*100) -> 800 | G343: =G342 -> 1.01 | H343: ="INSERT INTO public.coupon ("&A$11&", "&B$11&", """&C$11&""", "&D$11&", "&E$11&", "&F$11&", "&G$11&") VALUES('"&A343&"', "&B343&", "&C343&", "&D343&", '"&E343&"',"&F343&", "&G343&");" -> INSERT INTO public.coupon (plancode, age, "year", couponrate, benefittype, benefitrate, premiumrate) VALUES('EN60', 4, 10, 8, 'A',800, 1.01); | I343: ="{""age"":"""&B343&""", ""year"":"""&C343&""", ""couponrate"":"""&D343&""", ""benefittype"":"""&E343&""", ""benefitrate"":"""&F343&""", """&G$11&""":"""&G343&"""}" -> {"age":"4", "year":"10", "couponrate":"8", "benefittype":"A", "benefitrate":"800", "premiumrate":"1.01"} | J343: =IF(OR(I344="]", I343="[", I343="]"), "", ",") -> ,
A344: ='EN60'!A$3 -> EN60 | B344: =B343 -> 4 | C344: =C343+1 -> 11 | D344: =IF(C344+B344=80,0,8) -> 8 | E344: A | F344: =IF(C344>7, 800, C344*100) -> 800 | G344: =G343 -> 1.01 | H344: ="INSERT INTO public.coupon ("&A$11&", "&B$11&", """&C$11&""", "&D$11&", "&E$11&", "&F$11&", "&G$11&") VALUES('"&A344&"', "&B344&", "&C344&", "&D344&", '"&E344&"',"&F344&", "&G344&");" -> INSERT INTO public.coupon (plancode, age, "year", couponrate, benefittype, benefitrate, premiumrate) VALUES('EN60', 4, 11, 8, 'A',800, 1.01); | I344: ="{""age"":"""&B344&""", ""year"":"""&C344&""", ""couponrate"":"""&D344&""", ""benefittype"":"""&E344&""", ""benefitrate"":"""&F344&""", """&G$11&""":"""&G344&"""}" -> {"age":"4", "year":"11", "couponrate":"8", "benefittype":"A", "benefitrate":"800", "premiumrate":"1.01"} | J344: =IF(OR(I345="]", I344="[", I344="]"), "", ",") -> ,
A345: ='EN60'!A$3 -> EN60 | B345: =B344 -> 4 | C345: =C344+1 -> 12 | D345: =IF(C345+B345=80,0,8) -> 8 | E345: A | F345: =IF(C345>7, 800, C345*100) -> 800 | G345: =G344 -> 1.01 | H345: ="INSERT INTO public.coupon ("&A$11&", "&B$11&", """&C$11&""", "&D$11&", "&E$11&", "&F$11&", "&G$11&") VALUES('"&A345&"', "&B345&", "&C345&", "&D345&", '"&E345&"',"&F345&", "&G345&");" -> INSERT INTO public.coupon (plancode, age, "year", couponrate, benefittype, benefitrate, premiumrate) VALUES('EN60', 4, 12, 8, 'A',800, 1.01); | I345: ="{""age"":"""&B345&""", ""year"":"""&C345&""", ""couponrate"":"""&D345&""", ""benefittype"":"""&E345&""", ""benefitrate"":"""&F345&""", """&G$11&""":"""&G345&"""}" -> {"age":"4", "year":"12", "couponrate":"8", "benefittype":"A", "benefitrate":"800", "premiumrate":"1.01"} | J345: =IF(OR(I346="]", I345="[", I345="]"), "", ",") -> ,
A346: ='EN60'!A$3 -> EN60 | B346: =B345 -> 4 | C346: =C345+1 -> 13 | D346: =IF(C346+B346=80,0,8) -> 8 | E346: A | F346: =IF(C346>7, 800, C346*100) -> 800 | G346: =G345 -> 1.01 | H346: ="INSERT INTO public.coupon ("&A$11&", "&B$11&", """&C$11&""", "&D$11&", "&E$11&", "&F$11&", "&G$11&") VALUES('"&A346&"', "&B346&", "&C346&", "&D346&", '"&E346&"',"&F346&", "&G346&");" -> INSERT INTO public.coupon (plancode, age, "year", couponrate, benefittype, benefitrate, premiumrate) VALUES('EN60', 4, 13, 8, 'A',800, 1.01); | I346: ="{""age"":"""&B346&""", ""year"":"""&C346&""", ""couponrate"":"""&D346&""", ""benefittype"":"""&E346&""", ""benefitrate"":"""&F346&""", """&G$11&""":"""&G346&"""}" -> {"age":"4", "year":"13", "couponrate":"8", "benefittype":"A", "benefitrate":"800", "premiumrate":"1.01"} | J346: =IF(OR(I347="]", I346="[", I346="]"), "", ",") -> ,
... A408: ='EN60'!A$3 -> EN60 | B408: =B407 -> 4 | C408: =C407+1 -> 75 | D408: =IF(C408+B408=80,0,8) -> 8 | E408: A | F408: =IF(C408>7, 800, C408*100) -> 800 | G408: =G407 -> 1.01 | H408: ="INSERT INTO public.coupon ("&A$11&", "&B$11&", """&C$11&""", "&D$11&", "&E$11&", "&F$11&", "&G$11&") VALUES('"&A408&"', "&B408&", "&C408&", "&D408&", '"&E408&"',"&F408&", "&G408&");" -> INSERT INTO public.coupon (plancode, age, "year", couponrate, benefittype, benefitrate, premiumrate) VALUES('EN60', 4, 75, 8, 'A',800, 1.01); | I408: ="{""age"":"""&B408&""", ""year"":"""&C408&""", ""couponrate"":"""&D408&""", ""benefittype"":"""&E408&""", ""benefitrate"":"""&F408&""", """&G$11&""":"""&G408&"""}" -> {"age":"4", "year":"75", "couponrate":"8", "benefittype":"A", "benefitrate":"800", "premiumrate":"1.01"} | J408: =IF(OR(I409="]", I408="[", I408="]"), "", ",") -> ,
A409: ='EN60'!A$3 -> EN60 | B409: =B408 -> 4 | C409: =C408+1 -> 76 | D409: =IF(C409+B409=80,0,8) -> 0 | E409: A | F409: =IF(C409>7, 800, C409*100) -> 800 | G409: =G408 -> 1.01 | H409: ="INSERT INTO public.coupon ("&A$11&", "&B$11&", """&C$11&""", "&D$11&", "&E$11&", "&F$11&", "&G$11&") VALUES('"&A409&"', "&B409&", "&C409&", "&D409&", '"&E409&"',"&F409&", "&G409&");" -> INSERT INTO public.coupon (plancode, age, "year", couponrate, benefittype, benefitrate, premiumrate) VALUES('EN60', 4, 76, 0, 'A',800, 1.01); | I409: ="{""age"":"""&B409&""", ""year"":"""&C409&""", ""couponrate"":"""&D409&""", ""benefittype"":"""&E409&""", ""benefitrate"":"""&F409&""", """&G$11&""":"""&G409&"""}" -> {"age":"4", "year":"76", "couponrate":"0", "benefittype":"A", "benefitrate":"800", "premiumrate":"1.01"}
I410: ]}]
A411: plancode | B411: age | C411: year | D411: couponrate | E411: benefittype | F411: benefitrate | G411: premiumrate | I411: ="[{""plancode"":"""&A412&""",""returncash"":"""&B$7&""",""ytable"":"""&C$7&""",""maturerate"":"""&B$3&""",""maturepmrate"":"""&C$3&""",""coupon"":[" -> [{"plancode":"EN60","returncash":"1","ytable":"Y","maturerate":"808","maturepmrate":"1.01","coupon":[
A412: ='EN60'!A$3 -> EN60 | B412: 5 | C412: 1 | D412: =IF(C412+B412=80,0,8) -> 8 | E412: A | F412: =IF(C412>7, 800, C412*100) -> 100 | G412: ='EN60'!C$3 -> 1.01 | H412: ="INSERT INTO public.coupon ("&A$11&", "&B$11&", """&C$11&""", "&D$11&", "&E$11&", "&F$11&", "&G$11&") VALUES('"&A412&"', "&B412&", "&C412&", "&D412&", '"&E412&"',"&F412&", "&G412&");" -> INSERT INTO public.coupon (plancode, age, "year", couponrate, benefittype, benefitrate, premiumrate) VALUES('EN60', 5, 1, 8, 'A',100, 1.01); | I412: ="{""age"":"""&B412&""", ""year"":"""&C412&""", ""couponrate"":"""&D412&""", ""benefittype"":"""&E412&""", ""benefitrate"":"""&F412&""", """&G$11&""":"""&G412&"""}" -> {"age":"5", "year":"1", "couponrate":"8", "benefittype":"A", "benefitrate":"100", "premiumrate":"1.01"} | J412: =IF(OR(I413="]", I412="[", I412="]"), "", ",") -> ,
A413: ='EN60'!A$3 -> EN60 | B413: =B412 -> 5 | C413: =C412+1 -> 2 | D413: =IF(C413+B413=80,0,8) -> 8 | E413: A | F413: =IF(C413>7, 800, C413*100) -> 200 | G413: =G412 -> 1.01 | H413: ="INSERT INTO public.coupon ("&A$11&", "&B$11&", """&C$11&""", "&D$11&", "&E$11&", "&F$11&", "&G$11&") VALUES('"&A413&"', "&B413&", "&C413&", "&D413&", '"&E413&"',"&F413&", "&G413&");" -> INSERT INTO public.coupon (plancode, age, "year", couponrate, benefittype, benefitrate, premiumrate) VALUES('EN60', 5, 2, 8, 'A',200, 1.01); | I413: ="{""age"":"""&B413&""", ""year"":"""&C413&""", ""couponrate"":"""&D413&""", ""benefittype"":"""&E413&""", ""benefitrate"":"""&F413&""", """&G$11&""":"""&G413&"""}" -> {"age":"5", "year":"2", "couponrate":"8", "benefittype":"A", "benefitrate":"200", "premiumrate":"1.01"} | J413: =IF(OR(I414="]", I413="[", I413="]"), "", ",") -> ,
A414: ='EN60'!A$3 -> EN60 | B414: =B413 -> 5 | C414: =C413+1 -> 3 | D414: =IF(C414+B414=80,0,8) -> 8 | E414: A | F414: =IF(C414>7, 800, C414*100) -> 300 | G414: =G413 -> 1.01 | H414: ="INSERT INTO public.coupon ("&A$11&", "&B$11&", """&C$11&""", "&D$11&", "&E$11&", "&F$11&", "&G$11&") VALUES('"&A414&"', "&B414&", "&C414&", "&D414&", '"&E414&"',"&F414&", "&G414&");" -> INSERT INTO public.coupon (plancode, age, "year", couponrate, benefittype, benefitrate, premiumrate) VALUES('EN60', 5, 3, 8, 'A',300, 1.01); | I414: ="{""age"":"""&B414&""", ""year"":"""&C414&""", ""couponrate"":"""&D414&""", ""benefittype"":"""&E414&""", ""benefitrate"":"""&F414&""", """&G$11&""":"""&G414&"""}" -> {"age":"5", "year":"3", "couponrate":"8", "benefittype":"A", "benefitrate":"300", "premiumrate":"1.01"} | J414: =IF(OR(I415="]", I414="[", I414="]"), "", ",") -> ,
A415: ='EN60'!A$3 -> EN60 | B415: =B414 -> 5 | C415: =C414+1 -> 4 | D415: =IF(C415+B415=80,0,8) -> 8 | E415: A | F415: =IF(C415>7, 800, C415*100) -> 400 | G415: =G414 -> 1.01 | H415: ="INSERT INTO public.coupon ("&A$11&", "&B$11&", """&C$11&""", "&D$11&", "&E$11&", "&F$11&", "&G$11&") VALUES('"&A415&"', "&B415&", "&C415&", "&D415&", '"&E415&"',"&F415&", "&G415&");" -> INSERT INTO public.coupon (plancode, age, "year", couponrate, benefittype, benefitrate, premiumrate) VALUES('EN60', 5, 4, 8, 'A',400, 1.01); | I415: ="{""age"":"""&B415&""", ""year"":"""&C415&""", ""couponrate"":"""&D415&""", ""benefittype"":"""&E415&""", ""benefitrate"":"""&F415&""", """&G$11&""":"""&G415&"""}" -> {"age":"5", "year":"4", "couponrate":"8", "benefittype":"A", "benefitrate":"400", "premiumrate":"1.01"} | J415: =IF(OR(I416="]", I415="[", I415="]"), "", ",") -> ,
A416: ='EN60'!A$3 -> EN60 | B416: =B415 -> 5 | C416: =C415+1 -> 5 | D416: =IF(C416+B416=80,0,8) -> 8 | E416: A | F416: =IF(C416>7, 800, C416*100) -> 500 | G416: =G415 -> 1.01 | H416: ="INSERT INTO public.coupon ("&A$11&", "&B$11&", """&C$11&""", "&D$11&", "&E$11&", "&F$11&", "&G$11&") VALUES('"&A416&"', "&B416&", "&C416&", "&D416&", '"&E416&"',"&F416&", "&G416&");" -> INSERT INTO public.coupon (plancode, age, "year", couponrate, benefittype, benefitrate, premiumrate) VALUES('EN60', 5, 5, 8, 'A',500, 1.01); | I416: ="{""age"":"""&B416&""", ""year"":"""&C416&""", ""couponrate"":"""&D416&""", ""benefittype"":"""&E416&""", ""benefitrate"":"""&F416&""", """&G$11&""":"""&G416&"""}" -> {"age":"5", "year":"5", "couponrate":"8", "benefittype":"A", "benefitrate":"500", "premiumrate":"1.01"} | J416: =IF(OR(I417="]", I416="[", I416="]"), "", ",") -> ,
A417: ='EN60'!A$3 -> EN60 | B417: =B416 -> 5 | C417: =C416+1 -> 6 | D417: =IF(C417+B417=80,0,8) -> 8 | E417: A | F417: =IF(C417>7, 800, C417*100) -> 600 | G417: =G416 -> 1.01 | H417: ="INSERT INTO public.coupon ("&A$11&", "&B$11&", """&C$11&""", "&D$11&", "&E$11&", "&F$11&", "&G$11&") VALUES('"&A417&"', "&B417&", "&C417&", "&D417&", '"&E417&"',"&F417&", "&G417&");" -> INSERT INTO public.coupon (plancode, age, "year", couponrate, benefittype, benefitrate, premiumrate) VALUES('EN60', 5, 6, 8, 'A',600, 1.01); | I417: ="{""age"":"""&B417&""", ""year"":"""&C417&""", ""couponrate"":"""&D417&""", ""benefittype"":"""&E417&""", ""benefitrate"":"""&F417&""", """&G$11&""":"""&G417&"""}" -> {"age":"5", "year":"6", "couponrate":"8", "benefittype":"A", "benefitrate":"600", "premiumrate":"1.01"} | J417: =IF(OR(I418="]", I417="[", I417="]"), "", ",") -> ,
...

Sheet เงินคืน EN60(age 11-25)
A1: MatureTable | E1: 1.005 ครบสัญญา
A2: plancode | B2: maturerate | C2: premiumrate | E2: 1.005 มรณกรรม
A3: ='EN60'!A$3 -> EN60 | B3: ='EN60'!B$3 -> 808 | C3: ='EN60'!C$3 -> 1.01 | E3: ="INSERT INTO public.maturetable (plancode, maturerate, premiumrate) VALUES('"&A3&"', "&B3&", "&C3&");" -> INSERT INTO public.maturetable (plancode, maturerate, premiumrate) VALUES('EN60', 808, 1.01);
A5: coupontable | E5: ="INSERT INTO public.coupontable (id, returncash, ytable) VALUES('"&A7&"', "&B7&", '"&C7&"');" -> INSERT INTO public.coupontable (id, returncash, ytable) VALUES('EN60', 1, 'Y'); | I5: benefittype
A6: id | B6: returncash | C6: ytable | E6: returncash | F6: 0 | H6: ไม่มีเงินปันผล | I6: V = เอาเงินเวรคืนมาเป็นผลประโยชน์กรณีเสียชีวิต
A7: =A$3 -> EN60 | B7: ='EN60'!B$7 -> 1 | C7: ='EN60'!C$7 -> Y | F7: 1 | H7: มีเงินปันผล | I7: S = Max(เวรคืน, ผลประโยชน์กรณีเสียชีวิต)
E8: ytable | F8: N | H8: fix ปี ไม่ search ด้วยอายุ | I8: A = Max(เวรคืน, ผลประโยชน์กรณีเสียชีวิต, 1.005เท่าของเบี้ยที่จ่าย)
F9: Y | H9: ต้องส่งอายุไป search ด้วย | I9: อื่นๆ = แสดงผลประโยชน์กรณีเสียชีวิต
A10: coupon
A11: plancode | B11: age | C11: year | D11: couponrate | E11: benefittype | F11: benefitrate | G11: premiumrate | I11: ="[{""plancode"":"""&A12&""",""returncash"":"""&B$7&""",""ytable"":"""&C$7&""",""maturerate"":"""&B$3&""",""maturepmrate"":"""&C$3&""",""coupon"":[" -> [{"plancode":"EN60","returncash":"1","ytable":"Y","maturerate":"808","maturepmrate":"1.01","coupon":[
A12: ='EN60'!A$3 -> EN60 | B12: 11 | C12: 1 | D12: =IF(C12+B12=80,0,8) -> 8 | E12: A | F12: =IF(C12>7, 800, C12*100) -> 100 | G12: ='EN60'!C$3 -> 1.01 | H12: ="INSERT INTO public.coupon ("&A$11&", "&B$11&", """&C$11&""", "&D$11&", "&E$11&", "&F$11&", "&G$11&") VALUES('"&A12&"', "&B12&", "&C12&", "&D12&", '"&E12&"',"&F12&", "&G12&");" -> INSERT INTO public.coupon (plancode, age, "year", couponrate, benefittype, benefitrate, premiumrate) VALUES('EN60', 11, 1, 8, 'A',100, 1.01); | I12: ="{""age"":"""&B12&""", ""year"":"""&C12&""", ""couponrate"":"""&D12&""", ""benefittype"":"""&E12&""", ""benefitrate"":"""&F12&""", """&G$11&""":"""&G12&"""}" -> {"age":"11", "year":"1", "couponrate":"8", "benefittype":"A", "benefitrate":"100", "premiumrate":"1.01"} | J12: =IF(OR(I13="]", I12="[", I12="]"), "", ",") -> ,
A13: ='EN60'!A$3 -> EN60 | B13: =B12 -> 11 | C13: =C12+1 -> 2 | D13: =IF(C13+B13=80,0,8) -> 8 | E13: A | F13: =IF(C13>7, 800, C13*100) -> 200 | G13: =G12 -> 1.01 | H13: ="INSERT INTO public.coupon ("&A$11&", "&B$11&", """&C$11&""", "&D$11&", "&E$11&", "&F$11&", "&G$11&") VALUES('"&A13&"', "&B13&", "&C13&", "&D13&", '"&E13&"',"&F13&", "&G13&");" -> INSERT INTO public.coupon (plancode, age, "year", couponrate, benefittype, benefitrate, premiumrate) VALUES('EN60', 11, 2, 8, 'A',200, 1.01); | I13: ="{""age"":"""&B13&""", ""year"":"""&C13&""", ""couponrate"":"""&D13&""", ""benefittype"":"""&E13&""", ""benefitrate"":"""&F13&""", """&G$11&""":"""&G13&"""}" -> {"age":"11", "year":"2", "couponrate":"8", "benefittype":"A", "benefitrate":"200", "premiumrate":"1.01"} | J13: =IF(OR(I14="]", I13="[", I13="]"), "", ",") -> ,
A14: ='EN60'!A$3 -> EN60 | B14: =B13 -> 11 | C14: =C13+1 -> 3 | D14: =IF(C14+B14=80,0,8) -> 8 | E14: A | F14: =IF(C14>7, 800, C14*100) -> 300 | G14: =G13 -> 1.01 | H14: ="INSERT INTO public.coupon ("&A$11&", "&B$11&", """&C$11&""", "&D$11&", "&E$11&", "&F$11&", "&G$11&") VALUES('"&A14&"', "&B14&", "&C14&", "&D14&", '"&E14&"',"&F14&", "&G14&");" -> INSERT INTO public.coupon (plancode, age, "year", couponrate, benefittype, benefitrate, premiumrate) VALUES('EN60', 11, 3, 8, 'A',300, 1.01); | I14: ="{""age"":"""&B14&""", ""year"":"""&C14&""", ""couponrate"":"""&D14&""", ""benefittype"":"""&E14&""", ""benefitrate"":"""&F14&""", """&G$11&""":"""&G14&"""}" -> {"age":"11", "year":"3", "couponrate":"8", "benefittype":"A", "benefitrate":"300", "premiumrate":"1.01"} | J14: =IF(OR(I15="]", I14="[", I14="]"), "", ",") -> ,
A15: ='EN60'!A$3 -> EN60 | B15: =B14 -> 11 | C15: =C14+1 -> 4 | D15: =IF(C15+B15=80,0,8) -> 8 | E15: A | F15: =IF(C15>7, 800, C15*100) -> 400 | G15: =G14 -> 1.01 | H15: ="INSERT INTO public.coupon ("&A$11&", "&B$11&", """&C$11&""", "&D$11&", "&E$11&", "&F$11&", "&G$11&") VALUES('"&A15&"', "&B15&", "&C15&", "&D15&", '"&E15&"',"&F15&", "&G15&");" -> INSERT INTO public.coupon (plancode, age, "year", couponrate, benefittype, benefitrate, premiumrate) VALUES('EN60', 11, 4, 8, 'A',400, 1.01); | I15: ="{""age"":"""&B15&""", ""year"":"""&C15&""", ""couponrate"":"""&D15&""", ""benefittype"":"""&E15&""", ""benefitrate"":"""&F15&""", """&G$11&""":"""&G15&"""}" -> {"age":"11", "year":"4", "couponrate":"8", "benefittype":"A", "benefitrate":"400", "premiumrate":"1.01"} | J15: =IF(OR(I16="]", I15="[", I15="]"), "", ",") -> ,
A16: ='EN60'!A$3 -> EN60 | B16: =B15 -> 11 | C16: =C15+1 -> 5 | D16: =IF(C16+B16=80,0,8) -> 8 | E16: A | F16: =IF(C16>7, 800, C16*100) -> 500 | G16: =G15 -> 1.01 | H16: ="INSERT INTO public.coupon ("&A$11&", "&B$11&", """&C$11&""", "&D$11&", "&E$11&", "&F$11&", "&G$11&") VALUES('"&A16&"', "&B16&", "&C16&", "&D16&", '"&E16&"',"&F16&", "&G16&");" -> INSERT INTO public.coupon (plancode, age, "year", couponrate, benefittype, benefitrate, premiumrate) VALUES('EN60', 11, 5, 8, 'A',500, 1.01); | I16: ="{""age"":"""&B16&""", ""year"":"""&C16&""", ""couponrate"":"""&D16&""", ""benefittype"":"""&E16&""", ""benefitrate"":"""&F16&""", """&G$11&""":"""&G16&"""}" -> {"age":"11", "year":"5", "couponrate":"8", "benefittype":"A", "benefitrate":"500", "premiumrate":"1.01"} | J16: =IF(OR(I17="]", I16="[", I16="]"), "", ",") -> ,
A17: ='EN60'!A$3 -> EN60 | B17: =B16 -> 11 | C17: =C16+1 -> 6 | D17: =IF(C17+B17=80,0,8) -> 8 | E17: A | F17: =IF(C17>7, 800, C17*100) -> 600 | G17: =G16 -> 1.01 | H17: ="INSERT INTO public.coupon ("&A$11&", "&B$11&", """&C$11&""", "&D$11&", "&E$11&", "&F$11&", "&G$11&") VALUES('"&A17&"', "&B17&", "&C17&", "&D17&", '"&E17&"',"&F17&", "&G17&");" -> INSERT INTO public.coupon (plancode, age, "year", couponrate, benefittype, benefitrate, premiumrate) VALUES('EN60', 11, 6, 8, 'A',600, 1.01); | I17: ="{""age"":"""&B17&""", ""year"":"""&C17&""", ""couponrate"":"""&D17&""", ""benefittype"":"""&E17&""", ""benefitrate"":"""&F17&""", """&G$11&""":"""&G17&"""}" -> {"age":"11", "year":"6", "couponrate":"8", "benefittype":"A", "benefitrate":"600", "premiumrate":"1.01"} | J17: =IF(OR(I18="]", I17="[", I17="]"), "", ",") -> ,
A18: ='EN60'!A$3 -> EN60 | B18: =B17 -> 11 | C18: =C17+1 -> 7 | D18: =IF(C18+B18=80,0,8) -> 8 | E18: A | F18: =IF(C18>7, 800, C18*100) -> 700 | G18: =G17 -> 1.01 | H18: ="INSERT INTO public.coupon ("&A$11&", "&B$11&", """&C$11&""", "&D$11&", "&E$11&", "&F$11&", "&G$11&") VALUES('"&A18&"', "&B18&", "&C18&", "&D18&", '"&E18&"',"&F18&", "&G18&");" -> INSERT INTO public.coupon (plancode, age, "year", couponrate, benefittype, benefitrate, premiumrate) VALUES('EN60', 11, 7, 8, 'A',700, 1.01); | I18: ="{""age"":"""&B18&""", ""year"":"""&C18&""", ""couponrate"":"""&D18&""", ""benefittype"":"""&E18&""", ""benefitrate"":"""&F18&""", """&G$11&""":"""&G18&"""}" -> {"age":"11", "year":"7", "couponrate":"8", "benefittype":"A", "benefitrate":"700", "premiumrate":"1.01"} | J18: =IF(OR(I19="]", I18="[", I18="]"), "", ",") -> ,
A19: ='EN60'!A$3 -> EN60 | B19: =B18 -> 11 | C19: =C18+1 -> 8 | D19: =IF(C19+B19=80,0,8) -> 8 | E19: A | F19: =IF(C19>7, 800, C19*100) -> 800 | G19: =G18 -> 1.01 | H19: ="INSERT INTO public.coupon ("&A$11&", "&B$11&", """&C$11&""", "&D$11&", "&E$11&", "&F$11&", "&G$11&") VALUES('"&A19&"', "&B19&", "&C19&", "&D19&", '"&E19&"',"&F19&", "&G19&");" -> INSERT INTO public.coupon (plancode, age, "year", couponrate, benefittype, benefitrate, premiumrate) VALUES('EN60', 11, 8, 8, 'A',800, 1.01); | I19: ="{""age"":"""&B19&""", ""year"":"""&C19&""", ""couponrate"":"""&D19&""", ""benefittype"":"""&E19&""", ""benefitrate"":"""&F19&""", """&G$11&""":"""&G19&"""}" -> {"age":"11", "year":"8", "couponrate":"8", "benefittype":"A", "benefitrate":"800", "premiumrate":"1.01"} | J19: =IF(OR(I20="]", I19="[", I19="]"), "", ",") -> ,
A20: ='EN60'!A$3 -> EN60 | B20: =B19 -> 11 | C20: =C19+1 -> 9 | D20: =IF(C20+B20=80,0,8) -> 8 | E20: A | F20: =IF(C20>7, 800, C20*100) -> 800 | G20: =G19 -> 1.01 | H20: ="INSERT INTO public.coupon ("&A$11&", "&B$11&", """&C$11&""", "&D$11&", "&E$11&", "&F$11&", "&G$11&") VALUES('"&A20&"', "&B20&", "&C20&", "&D20&", '"&E20&"',"&F20&", "&G20&");" -> INSERT INTO public.coupon (plancode, age, "year", couponrate, benefittype, benefitrate, premiumrate) VALUES('EN60', 11, 9, 8, 'A',800, 1.01); | I20: ="{""age"":"""&B20&""", ""year"":"""&C20&""", ""couponrate"":"""&D20&""", ""benefittype"":"""&E20&""", ""benefitrate"":"""&F20&""", """&G$11&""":"""&G20&"""}" -> {"age":"11", "year":"9", "couponrate":"8", "benefittype":"A", "benefitrate":"800", "premiumrate":"1.01"} | J20: =IF(OR(I21="]", I20="[", I20="]"), "", ",") -> ,
A21: ='EN60'!A$3 -> EN60 | B21: =B20 -> 11 | C21: =C20+1 -> 10 | D21: =IF(C21+B21=80,0,8) -> 8 | E21: A | F21: =IF(C21>7, 800, C21*100) -> 800 | G21: =G20 -> 1.01 | H21: ="INSERT INTO public.coupon ("&A$11&", "&B$11&", """&C$11&""", "&D$11&", "&E$11&", "&F$11&", "&G$11&") VALUES('"&A21&"', "&B21&", "&C21&", "&D21&", '"&E21&"',"&F21&", "&G21&");" -> INSERT INTO public.coupon (plancode, age, "year", couponrate, benefittype, benefitrate, premiumrate) VALUES('EN60', 11, 10, 8, 'A',800, 1.01); | I21: ="{""age"":"""&B21&""", ""year"":"""&C21&""", ""couponrate"":"""&D21&""", ""benefittype"":"""&E21&""", ""benefitrate"":"""&F21&""", """&G$11&""":"""&G21&"""}" -> {"age":"11", "year":"10", "couponrate":"8", "benefittype":"A", "benefitrate":"800", "premiumrate":"1.01"} | J21: =IF(OR(I22="]", I21="[", I21="]"), "", ",") -> ,
A22: ='EN60'!A$3 -> EN60 | B22: =B21 -> 11 | C22: =C21+1 -> 11 | D22: =IF(C22+B22=80,0,8) -> 8 | E22: A | F22: =IF(C22>7, 800, C22*100) -> 800 | G22: =G21 -> 1.01 | H22: ="INSERT INTO public.coupon ("&A$11&", "&B$11&", """&C$11&""", "&D$11&", "&E$11&", "&F$11&", "&G$11&") VALUES('"&A22&"', "&B22&", "&C22&", "&D22&", '"&E22&"',"&F22&", "&G22&");" -> INSERT INTO public.coupon (plancode, age, "year", couponrate, benefittype, benefitrate, premiumrate) VALUES('EN60', 11, 11, 8, 'A',800, 1.01); | I22: ="{""age"":"""&B22&""", ""year"":"""&C22&""", ""couponrate"":"""&D22&""", ""benefittype"":"""&E22&""", ""benefitrate"":"""&F22&""", """&G$11&""":"""&G22&"""}" -> {"age":"11", "year":"11", "couponrate":"8", "benefittype":"A", "benefitrate":"800", "premiumrate":"1.01"} | J22: =IF(OR(I23="]", I22="[", I22="]"), "", ",") -> ,
A23: ='EN60'!A$3 -> EN60 | B23: =B22 -> 11 | C23: =C22+1 -> 12 | D23: =IF(C23+B23=80,0,8) -> 8 | E23: A | F23: =IF(C23>7, 800, C23*100) -> 800 | G23: =G22 -> 1.01 | H23: ="INSERT INTO public.coupon ("&A$11&", "&B$11&", """&C$11&""", "&D$11&", "&E$11&", "&F$11&", "&G$11&") VALUES('"&A23&"', "&B23&", "&C23&", "&D23&", '"&E23&"',"&F23&", "&G23&");" -> INSERT INTO public.coupon (plancode, age, "year", couponrate, benefittype, benefitrate, premiumrate) VALUES('EN60', 11, 12, 8, 'A',800, 1.01); | I23: ="{""age"":"""&B23&""", ""year"":"""&C23&""", ""couponrate"":"""&D23&""", ""benefittype"":"""&E23&""", ""benefitrate"":"""&F23&""", """&G$11&""":"""&G23&"""}" -> {"age":"11", "year":"12", "couponrate":"8", "benefittype":"A", "benefitrate":"800", "premiumrate":"1.01"} | J23: =IF(OR(I24="]", I23="[", I23="]"), "", ",") -> ,
A24: ='EN60'!A$3 -> EN60 | B24: =B23 -> 11 | C24: =C23+1 -> 13 | D24: =IF(C24+B24=80,0,8) -> 8 | E24: A | F24: =IF(C24>7, 800, C24*100) -> 800 | G24: =G23 -> 1.01 | H24: ="INSERT INTO public.coupon ("&A$11&", "&B$11&", """&C$11&""", "&D$11&", "&E$11&", "&F$11&", "&G$11&") VALUES('"&A24&"', "&B24&", "&C24&", "&D24&", '"&E24&"',"&F24&", "&G24&");" -> INSERT INTO public.coupon (plancode, age, "year", couponrate, benefittype, benefitrate, premiumrate) VALUES('EN60', 11, 13, 8, 'A',800, 1.01); | I24: ="{""age"":"""&B24&""", ""year"":"""&C24&""", ""couponrate"":"""&D24&""", ""benefittype"":"""&E24&""", ""benefitrate"":"""&F24&""", """&G$11&""":"""&G24&"""}" -> {"age":"11", "year":"13", "couponrate":"8", "benefittype":"A", "benefitrate":"800", "premiumrate":"1.01"} | J24: =IF(OR(I25="]", I24="[", I24="]"), "", ",") -> ,
... A79: ='EN60'!A$3 -> EN60 | B79: =B78 -> 11 | C79: =C78+1 -> 68 | D79: =IF(C79+B79=80,0,8) -> 8 | E79: A | F79: =IF(C79>7, 800, C79*100) -> 800 | G79: =G78 -> 1.01 | H79: ="INSERT INTO public.coupon ("&A$11&", "&B$11&", """&C$11&""", "&D$11&", "&E$11&", "&F$11&", "&G$11&") VALUES('"&A79&"', "&B79&", "&C79&", "&D79&", '"&E79&"',"&F79&", "&G79&");" -> INSERT INTO public.coupon (plancode, age, "year", couponrate, benefittype, benefitrate, premiumrate) VALUES('EN60', 11, 68, 8, 'A',800, 1.01); | I79: ="{""age"":"""&B79&""", ""year"":"""&C79&""", ""couponrate"":"""&D79&""", ""benefittype"":"""&E79&""", ""benefitrate"":"""&F79&""", """&G$11&""":"""&G79&"""}" -> {"age":"11", "year":"68", "couponrate":"8", "benefittype":"A", "benefitrate":"800", "premiumrate":"1.01"} | J79: =IF(OR(I80="]", I79="[", I79="]"), "", ",") -> ,
A80: ='EN60'!A$3 -> EN60 | B80: =B79 -> 11 | C80: =C79+1 -> 69 | D80: =IF(C80+B80=80,0,8) -> 0 | E80: A | F80: =IF(C80>7, 800, C80*100) -> 800 | G80: =G79 -> 1.01 | H80: ="INSERT INTO public.coupon ("&A$11&", "&B$11&", """&C$11&""", "&D$11&", "&E$11&", "&F$11&", "&G$11&") VALUES('"&A80&"', "&B80&", "&C80&", "&D80&", '"&E80&"',"&F80&", "&G80&");" -> INSERT INTO public.coupon (plancode, age, "year", couponrate, benefittype, benefitrate, premiumrate) VALUES('EN60', 11, 69, 0, 'A',800, 1.01); | I80: ="{""age"":"""&B80&""", ""year"":"""&C80&""", ""couponrate"":"""&D80&""", ""benefittype"":"""&E80&""", ""benefitrate"":"""&F80&""", """&G$11&""":"""&G80&"""}" -> {"age":"11", "year":"69", "couponrate":"0", "benefittype":"A", "benefitrate":"800", "premiumrate":"1.01"}
I81: ]}]
A82: plancode | B82: age | C82: year | D82: couponrate | E82: benefittype | F82: benefitrate | G82: premiumrate | I82: ="[{""plancode"":"""&A83&""",""returncash"":"""&B$7&""",""ytable"":"""&C$7&""",""maturerate"":"""&B$3&""",""maturepmrate"":"""&C$3&""",""coupon"":[" -> [{"plancode":"EN60","returncash":"1","ytable":"Y","maturerate":"808","maturepmrate":"1.01","coupon":[
A83: ='EN60'!A$3 -> EN60 | B83: 12 | C83: 1 | D83: =IF(C83+B83=80,0,8) -> 8 | E83: A | F83: =IF(C83>7, 800, C83*100) -> 100 | G83: ='EN60'!C$3 -> 1.01 | H83: ="INSERT INTO public.coupon ("&A$11&", "&B$11&", """&C$11&""", "&D$11&", "&E$11&", "&F$11&", "&G$11&") VALUES('"&A83&"', "&B83&", "&C83&", "&D83&", '"&E83&"',"&F83&", "&G83&");" -> INSERT INTO public.coupon (plancode, age, "year", couponrate, benefittype, benefitrate, premiumrate) VALUES('EN60', 12, 1, 8, 'A',100, 1.01); | I83: ="{""age"":"""&B83&""", ""year"":"""&C83&""", ""couponrate"":"""&D83&""", ""benefittype"":"""&E83&""", ""benefitrate"":"""&F83&""", """&G$11&""":"""&G83&"""}" -> {"age":"12", "year":"1", "couponrate":"8", "benefittype":"A", "benefitrate":"100", "premiumrate":"1.01"} | J83: =IF(OR(I84="]", I83="[", I83="]"), "", ",") -> ,
A84: ='EN60'!A$3 -> EN60 | B84: =B83 -> 12 | C84: =C83+1 -> 2 | D84: =IF(C84+B84=80,0,8) -> 8 | E84: A | F84: =IF(C84>7, 800, C84*100) -> 200 | G84: =G83 -> 1.01 | H84: ="INSERT INTO public.coupon ("&A$11&", "&B$11&", """&C$11&""", "&D$11&", "&E$11&", "&F$11&", "&G$11&") VALUES('"&A84&"', "&B84&", "&C84&", "&D84&", '"&E84&"',"&F84&", "&G84&");" -> INSERT INTO public.coupon (plancode, age, "year", couponrate, benefittype, benefitrate, premiumrate) VALUES('EN60', 12, 2, 8, 'A',200, 1.01); | I84: ="{""age"":"""&B84&""", ""year"":"""&C84&""", ""couponrate"":"""&D84&""", ""benefittype"":"""&E84&""", ""benefitrate"":"""&F84&""", """&G$11&""":"""&G84&"""}" -> {"age":"12", "year":"2", "couponrate":"8", "benefittype":"A", "benefitrate":"200", "premiumrate":"1.01"} | J84: =IF(OR(I85="]", I84="[", I84="]"), "", ",") -> ,
A85: ='EN60'!A$3 -> EN60 | B85: =B84 -> 12 | C85: =C84+1 -> 3 | D85: =IF(C85+B85=80,0,8) -> 8 | E85: A | F85: =IF(C85>7, 800, C85*100) -> 300 | G85: =G84 -> 1.01 | H85: ="INSERT INTO public.coupon ("&A$11&", "&B$11&", """&C$11&""", "&D$11&", "&E$11&", "&F$11&", "&G$11&") VALUES('"&A85&"', "&B85&", "&C85&", "&D85&", '"&E85&"',"&F85&", "&G85&");" -> INSERT INTO public.coupon (plancode, age, "year", couponrate, benefittype, benefitrate, premiumrate) VALUES('EN60', 12, 3, 8, 'A',300, 1.01); | I85: ="{""age"":"""&B85&""", ""year"":"""&C85&""", ""couponrate"":"""&D85&""", ""benefittype"":"""&E85&""", ""benefitrate"":"""&F85&""", """&G$11&""":"""&G85&"""}" -> {"age":"12", "year":"3", "couponrate":"8", "benefittype":"A", "benefitrate":"300", "premiumrate":"1.01"} | J85: =IF(OR(I86="]", I85="[", I85="]"), "", ",") -> ,
A86: ='EN60'!A$3 -> EN60 | B86: =B85 -> 12 | C86: =C85+1 -> 4 | D86: =IF(C86+B86=80,0,8) -> 8 | E86: A | F86: =IF(C86>7, 800, C86*100) -> 400 | G86: =G85 -> 1.01 | H86: ="INSERT INTO public.coupon ("&A$11&", "&B$11&", """&C$11&""", "&D$11&", "&E$11&", "&F$11&", "&G$11&") VALUES('"&A86&"', "&B86&", "&C86&", "&D86&", '"&E86&"',"&F86&", "&G86&");" -> INSERT INTO public.coupon (plancode, age, "year", couponrate, benefittype, benefitrate, premiumrate) VALUES('EN60', 12, 4, 8, 'A',400, 1.01); | I86: ="{""age"":"""&B86&""", ""year"":"""&C86&""", ""couponrate"":"""&D86&""", ""benefittype"":"""&E86&""", ""benefitrate"":"""&F86&""", """&G$11&""":"""&G86&"""}" -> {"age":"12", "year":"4", "couponrate":"8", "benefittype":"A", "benefitrate":"400", "premiumrate":"1.01"} | J86: =IF(OR(I87="]", I86="[", I86="]"), "", ",") -> ,
A87: ='EN60'!A$3 -> EN60 | B87: =B86 -> 12 | C87: =C86+1 -> 5 | D87: =IF(C87+B87=80,0,8) -> 8 | E87: A | F87: =IF(C87>7, 800, C87*100) -> 500 | G87: =G86 -> 1.01 | H87: ="INSERT INTO public.coupon ("&A$11&", "&B$11&", """&C$11&""", "&D$11&", "&E$11&", "&F$11&", "&G$11&") VALUES('"&A87&"', "&B87&", "&C87&", "&D87&", '"&E87&"',"&F87&", "&G87&");" -> INSERT INTO public.coupon (plancode, age, "year", couponrate, benefittype, benefitrate, premiumrate) VALUES('EN60', 12, 5, 8, 'A',500, 1.01); | I87: ="{""age"":"""&B87&""", ""year"":"""&C87&""", ""couponrate"":"""&D87&""", ""benefittype"":"""&E87&""", ""benefitrate"":"""&F87&""", """&G$11&""":"""&G87&"""}" -> {"age":"12", "year":"5", "couponrate":"8", "benefittype":"A", "benefitrate":"500", "premiumrate":"1.01"} | J87: =IF(OR(I88="]", I87="[", I87="]"), "", ",") -> ,
A88: ='EN60'!A$3 -> EN60 | B88: =B87 -> 12 | C88: =C87+1 -> 6 | D88: =IF(C88+B88=80,0,8) -> 8 | E88: A | F88: =IF(C88>7, 800, C88*100) -> 600 | G88: =G87 -> 1.01 | H88: ="INSERT INTO public.coupon ("&A$11&", "&B$11&", """&C$11&""", "&D$11&", "&E$11&", "&F$11&", "&G$11&") VALUES('"&A88&"', "&B88&", "&C88&", "&D88&", '"&E88&"',"&F88&", "&G88&");" -> INSERT INTO public.coupon (plancode, age, "year", couponrate, benefittype, benefitrate, premiumrate) VALUES('EN60', 12, 6, 8, 'A',600, 1.01); | I88: ="{""age"":"""&B88&""", ""year"":"""&C88&""", ""couponrate"":"""&D88&""", ""benefittype"":"""&E88&""", ""benefitrate"":"""&F88&""", """&G$11&""":"""&G88&"""}" -> {"age":"12", "year":"6", "couponrate":"8", "benefittype":"A", "benefitrate":"600", "premiumrate":"1.01"} | J88: =IF(OR(I89="]", I88="[", I88="]"), "", ",") -> ,
A89: ='EN60'!A$3 -> EN60 | B89: =B88 -> 12 | C89: =C88+1 -> 7 | D89: =IF(C89+B89=80,0,8) -> 8 | E89: A | F89: =IF(C89>7, 800, C89*100) -> 700 | G89: =G88 -> 1.01 | H89: ="INSERT INTO public.coupon ("&A$11&", "&B$11&", """&C$11&""", "&D$11&", "&E$11&", "&F$11&", "&G$11&") VALUES('"&A89&"', "&B89&", "&C89&", "&D89&", '"&E89&"',"&F89&", "&G89&");" -> INSERT INTO public.coupon (plancode, age, "year", couponrate, benefittype, benefitrate, premiumrate) VALUES('EN60', 12, 7, 8, 'A',700, 1.01); | I89: ="{""age"":"""&B89&""", ""year"":"""&C89&""", ""couponrate"":"""&D89&""", ""benefittype"":"""&E89&""", ""benefitrate"":"""&F89&""", """&G$11&""":"""&G89&"""}" -> {"age":"12", "year":"7", "couponrate":"8", "benefittype":"A", "benefitrate":"700", "premiumrate":"1.01"} | J89: =IF(OR(I90="]", I89="[", I89="]"), "", ",") -> ,
A90: ='EN60'!A$3 -> EN60 | B90: =B89 -> 12 | C90: =C89+1 -> 8 | D90: =IF(C90+B90=80,0,8) -> 8 | E90: A | F90: =IF(C90>7, 800, C90*100) -> 800 | G90: =G89 -> 1.01 | H90: ="INSERT INTO public.coupon ("&A$11&", "&B$11&", """&C$11&""", "&D$11&", "&E$11&", "&F$11&", "&G$11&") VALUES('"&A90&"', "&B90&", "&C90&", "&D90&", '"&E90&"',"&F90&", "&G90&");" -> INSERT INTO public.coupon (plancode, age, "year", couponrate, benefittype, benefitrate, premiumrate) VALUES('EN60', 12, 8, 8, 'A',800, 1.01); | I90: ="{""age"":"""&B90&""", ""year"":"""&C90&""", ""couponrate"":"""&D90&""", ""benefittype"":"""&E90&""", ""benefitrate"":"""&F90&""", """&G$11&""":"""&G90&"""}" -> {"age":"12", "year":"8", "couponrate":"8", "benefittype":"A", "benefitrate":"800", "premiumrate":"1.01"} | J90: =IF(OR(I91="]", I90="[", I90="]"), "", ",") -> ,
A91: ='EN60'!A$3 -> EN60 | B91: =B90 -> 12 | C91: =C90+1 -> 9 | D91: =IF(C91+B91=80,0,8) -> 8 | E91: A | F91: =IF(C91>7, 800, C91*100) -> 800 | G91: =G90 -> 1.01 | H91: ="INSERT INTO public.coupon ("&A$11&", "&B$11&", """&C$11&""", "&D$11&", "&E$11&", "&F$11&", "&G$11&") VALUES('"&A91&"', "&B91&", "&C91&", "&D91&", '"&E91&"',"&F91&", "&G91&");" -> INSERT INTO public.coupon (plancode, age, "year", couponrate, benefittype, benefitrate, premiumrate) VALUES('EN60', 12, 9, 8, 'A',800, 1.01); | I91: ="{""age"":"""&B91&""", ""year"":"""&C91&""", ""couponrate"":"""&D91&""", ""benefittype"":"""&E91&""", ""benefitrate"":"""&F91&""", """&G$11&""":"""&G91&"""}" -> {"age":"12", "year":"9", "couponrate":"8", "benefittype":"A", "benefitrate":"800", "premiumrate":"1.01"} | J91: =IF(OR(I92="]", I91="[", I91="]"), "", ",") -> ,
A92: ='EN60'!A$3 -> EN60 | B92: =B91 -> 12 | C92: =C91+1 -> 10 | D92: =IF(C92+B92=80,0,8) -> 8 | E92: A | F92: =IF(C92>7, 800, C92*100) -> 800 | G92: =G91 -> 1.01 | H92: ="INSERT INTO public.coupon ("&A$11&", "&B$11&", """&C$11&""", "&D$11&", "&E$11&", "&F$11&", "&G$11&") VALUES('"&A92&"', "&B92&", "&C92&", "&D92&", '"&E92&"',"&F92&", "&G92&");" -> INSERT INTO public.coupon (plancode, age, "year", couponrate, benefittype, benefitrate, premiumrate) VALUES('EN60', 12, 10, 8, 'A',800, 1.01); | I92: ="{""age"":"""&B92&""", ""year"":"""&C92&""", ""couponrate"":"""&D92&""", ""benefittype"":"""&E92&""", ""benefitrate"":"""&F92&""", """&G$11&""":"""&G92&"""}" -> {"age":"12", "year":"10", "couponrate":"8", "benefittype":"A", "benefitrate":"800", "premiumrate":"1.01"} | J92: =IF(OR(I93="]", I92="[", I92="]"), "", ",") -> ,
A93: ='EN60'!A$3 -> EN60 | B93: =B92 -> 12 | C93: =C92+1 -> 11 | D93: =IF(C93+B93=80,0,8) -> 8 | E93: A | F93: =IF(C93>7, 800, C93*100) -> 800 | G93: =G92 -> 1.01 | H93: ="INSERT INTO public.coupon ("&A$11&", "&B$11&", """&C$11&""", "&D$11&", "&E$11&", "&F$11&", "&G$11&") VALUES('"&A93&"', "&B93&", "&C93&", "&D93&", '"&E93&"',"&F93&", "&G93&");" -> INSERT INTO public.coupon (plancode, age, "year", couponrate, benefittype, benefitrate, premiumrate) VALUES('EN60', 12, 11, 8, 'A',800, 1.01); | I93: ="{""age"":"""&B93&""", ""year"":"""&C93&""", ""couponrate"":"""&D93&""", ""benefittype"":"""&E93&""", ""benefitrate"":"""&F93&""", """&G$11&""":"""&G93&"""}" -> {"age":"12", "year":"11", "couponrate":"8", "benefittype":"A", "benefitrate":"800", "premiumrate":"1.01"} | J93: =IF(OR(I94="]", I93="[", I93="]"), "", ",") -> ,
A94: ='EN60'!A$3 -> EN60 | B94: =B93 -> 12 | C94: =C93+1 -> 12 | D94: =IF(C94+B94=80,0,8) -> 8 | E94: A | F94: =IF(C94>7, 800, C94*100) -> 800 | G94: =G93 -> 1.01 | H94: ="INSERT INTO public.coupon ("&A$11&", "&B$11&", """&C$11&""", "&D$11&", "&E$11&", "&F$11&", "&G$11&") VALUES('"&A94&"', "&B94&", "&C94&", "&D94&", '"&E94&"',"&F94&", "&G94&");" -> INSERT INTO public.coupon (plancode, age, "year", couponrate, benefittype, benefitrate, premiumrate) VALUES('EN60', 12, 12, 8, 'A',800, 1.01); | I94: ="{""age"":"""&B94&""", ""year"":"""&C94&""", ""couponrate"":"""&D94&""", ""benefittype"":"""&E94&""", ""benefitrate"":"""&F94&""", """&G$11&""":"""&G94&"""}" -> {"age":"12", "year":"12", "couponrate":"8", "benefittype":"A", "benefitrate":"800", "premiumrate":"1.01"} | J94: =IF(OR(I95="]", I94="[", I94="]"), "", ",") -> ,
A95: ='EN60'!A$3 -> EN60 | B95: =B94 -> 12 | C95: =C94+1 -> 13 | D95: =IF(C95+B95=80,0,8) -> 8 | E95: A | F95: =IF(C95>7, 800, C95*100) -> 800 | G95: =G94 -> 1.01 | H95: ="INSERT INTO public.coupon ("&A$11&", "&B$11&", """&C$11&""", "&D$11&", "&E$11&", "&F$11&", "&G$11&") VALUES('"&A95&"', "&B95&", "&C95&", "&D95&", '"&E95&"',"&F95&", "&G95&");" -> INSERT INTO public.coupon (plancode, age, "year", couponrate, benefittype, benefitrate, premiumrate) VALUES('EN60', 12, 13, 8, 'A',800, 1.01); | I95: ="{""age"":"""&B95&""", ""year"":"""&C95&""", ""couponrate"":"""&D95&""", ""benefittype"":"""&E95&""", ""benefitrate"":"""&F95&""", """&G$11&""":"""&G95&"""}" -> {"age":"12", "year":"13", "couponrate":"8", "benefittype":"A", "benefitrate":"800", "premiumrate":"1.01"} | J95: =IF(OR(I96="]", I95="[", I95="]"), "", ",") -> ,
... A149: ='EN60'!A$3 -> EN60 | B149: =B148 -> 12 | C149: =C148+1 -> 67 | D149: =IF(C149+B149=80,0,8) -> 8 | E149: A | F149: =IF(C149>7, 800, C149*100) -> 800 | G149: =G148 -> 1.01 | H149: ="INSERT INTO public.coupon ("&A$11&", "&B$11&", """&C$11&""", "&D$11&", "&E$11&", "&F$11&", "&G$11&") VALUES('"&A149&"', "&B149&", "&C149&", "&D149&", '"&E149&"',"&F149&", "&G149&");" -> INSERT INTO public.coupon (plancode, age, "year", couponrate, benefittype, benefitrate, premiumrate) VALUES('EN60', 12, 67, 8, 'A',800, 1.01); | I149: ="{""age"":"""&B149&""", ""year"":"""&C149&""", ""couponrate"":"""&D149&""", ""benefittype"":"""&E149&""", ""benefitrate"":"""&F149&""", """&G$11&""":"""&G149&"""}" -> {"age":"12", "year":"67", "couponrate":"8", "benefittype":"A", "benefitrate":"800", "premiumrate":"1.01"} | J149: =IF(OR(I150="]", I149="[", I149="]"), "", ",") -> ,
A150: ='EN60'!A$3 -> EN60 | B150: =B149 -> 12 | C150: =C149+1 -> 68 | D150: =IF(C150+B150=80,0,8) -> 0 | E150: A | F150: =IF(C150>7, 800, C150*100) -> 800 | G150: =G149 -> 1.01 | H150: ="INSERT INTO public.coupon ("&A$11&", "&B$11&", """&C$11&""", "&D$11&", "&E$11&", "&F$11&", "&G$11&") VALUES('"&A150&"', "&B150&", "&C150&", "&D150&", '"&E150&"',"&F150&", "&G150&");" -> INSERT INTO public.coupon (plancode, age, "year", couponrate, benefittype, benefitrate, premiumrate) VALUES('EN60', 12, 68, 0, 'A',800, 1.01); | I150: ="{""age"":"""&B150&""", ""year"":"""&C150&""", ""couponrate"":"""&D150&""", ""benefittype"":"""&E150&""", ""benefitrate"":"""&F150&""", """&G$11&""":"""&G150&"""}" -> {"age":"12", "year":"68", "couponrate":"0", "benefittype":"A", "benefitrate":"800", "premiumrate":"1.01"}
I151: ]}]
A152: plancode | B152: age | C152: year | D152: couponrate | E152: benefittype | F152: benefitrate | G152: premiumrate | I152: ="[{""plancode"":"""&A153&""",""returncash"":"""&B$7&""",""ytable"":"""&C$7&""",""maturerate"":"""&B$3&""",""maturepmrate"":"""&C$3&""",""coupon"":[" -> [{"plancode":"EN60","returncash":"1","ytable":"Y","maturerate":"808","maturepmrate":"1.01","coupon":[
A153: ='EN60'!A$3 -> EN60 | B153: 13 | C153: 1 | D153: =IF(C153+B153=80,0,8) -> 8 | E153: A | F153: =IF(C153>7, 800, C153*100) -> 100 | G153: ='EN60'!C$3 -> 1.01 | H153: ="INSERT INTO public.coupon ("&A$11&", "&B$11&", """&C$11&""", "&D$11&", "&E$11&", "&F$11&", "&G$11&") VALUES('"&A153&"', "&B153&", "&C153&", "&D153&", '"&E153&"',"&F153&", "&G153&");" -> INSERT INTO public.coupon (plancode, age, "year", couponrate, benefittype, benefitrate, premiumrate) VALUES('EN60', 13, 1, 8, 'A',100, 1.01); | I153: ="{""age"":"""&B153&""", ""year"":"""&C153&""", ""couponrate"":"""&D153&""", ""benefittype"":"""&E153&""", ""benefitrate"":"""&F153&""", """&G$11&""":"""&G153&"""}" -> {"age":"13", "year":"1", "couponrate":"8", "benefittype":"A", "benefitrate":"100", "premiumrate":"1.01"} | J153: =IF(OR(I154="]", I153="[", I153="]"), "", ",") -> ,
A154: ='EN60'!A$3 -> EN60 | B154: =B153 -> 13 | C154: =C153+1 -> 2 | D154: =IF(C154+B154=80,0,8) -> 8 | E154: A | F154: =IF(C154>7, 800, C154*100) -> 200 | G154: =G153 -> 1.01 | H154: ="INSERT INTO public.coupon ("&A$11&", "&B$11&", """&C$11&""", "&D$11&", "&E$11&", "&F$11&", "&G$11&") VALUES('"&A154&"', "&B154&", "&C154&", "&D154&", '"&E154&"',"&F154&", "&G154&");" -> INSERT INTO public.coupon (plancode, age, "year", couponrate, benefittype, benefitrate, premiumrate) VALUES('EN60', 13, 2, 8, 'A',200, 1.01); | I154: ="{""age"":"""&B154&""", ""year"":"""&C154&""", ""couponrate"":"""&D154&""", ""benefittype"":"""&E154&""", ""benefitrate"":"""&F154&""", """&G$11&""":"""&G154&"""}" -> {"age":"13", "year":"2", "couponrate":"8", "benefittype":"A", "benefitrate":"200", "premiumrate":"1.01"} | J154: =IF(OR(I155="]", I154="[", I154="]"), "", ",") -> ,
A155: ='EN60'!A$3 -> EN60 | B155: =B154 -> 13 | C155: =C154+1 -> 3 | D155: =IF(C155+B155=80,0,8) -> 8 | E155: A | F155: =IF(C155>7, 800, C155*100) -> 300 | G155: =G154 -> 1.01 | H155: ="INSERT INTO public.coupon ("&A$11&", "&B$11&", """&C$11&""", "&D$11&", "&E$11&", "&F$11&", "&G$11&") VALUES('"&A155&"', "&B155&", "&C155&", "&D155&", '"&E155&"',"&F155&", "&G155&");" -> INSERT INTO public.coupon (plancode, age, "year", couponrate, benefittype, benefitrate, premiumrate) VALUES('EN60', 13, 3, 8, 'A',300, 1.01); | I155: ="{""age"":"""&B155&""", ""year"":"""&C155&""", ""couponrate"":"""&D155&""", ""benefittype"":"""&E155&""", ""benefitrate"":"""&F155&""", """&G$11&""":"""&G155&"""}" -> {"age":"13", "year":"3", "couponrate":"8", "benefittype":"A", "benefitrate":"300", "premiumrate":"1.01"} | J155: =IF(OR(I156="]", I155="[", I155="]"), "", ",") -> ,
A156: ='EN60'!A$3 -> EN60 | B156: =B155 -> 13 | C156: =C155+1 -> 4 | D156: =IF(C156+B156=80,0,8) -> 8 | E156: A | F156: =IF(C156>7, 800, C156*100) -> 400 | G156: =G155 -> 1.01 | H156: ="INSERT INTO public.coupon ("&A$11&", "&B$11&", """&C$11&""", "&D$11&", "&E$11&", "&F$11&", "&G$11&") VALUES('"&A156&"', "&B156&", "&C156&", "&D156&", '"&E156&"',"&F156&", "&G156&");" -> INSERT INTO public.coupon (plancode, age, "year", couponrate, benefittype, benefitrate, premiumrate) VALUES('EN60', 13, 4, 8, 'A',400, 1.01); | I156: ="{""age"":"""&B156&""", ""year"":"""&C156&""", ""couponrate"":"""&D156&""", ""benefittype"":"""&E156&""", ""benefitrate"":"""&F156&""", """&G$11&""":"""&G156&"""}" -> {"age":"13", "year":"4", "couponrate":"8", "benefittype":"A", "benefitrate":"400", "premiumrate":"1.01"} | J156: =IF(OR(I157="]", I156="[", I156="]"), "", ",") -> ,
A157: ='EN60'!A$3 -> EN60 | B157: =B156 -> 13 | C157: =C156+1 -> 5 | D157: =IF(C157+B157=80,0,8) -> 8 | E157: A | F157: =IF(C157>7, 800, C157*100) -> 500 | G157: =G156 -> 1.01 | H157: ="INSERT INTO public.coupon ("&A$11&", "&B$11&", """&C$11&""", "&D$11&", "&E$11&", "&F$11&", "&G$11&") VALUES('"&A157&"', "&B157&", "&C157&", "&D157&", '"&E157&"',"&F157&", "&G157&");" -> INSERT INTO public.coupon (plancode, age, "year", couponrate, benefittype, benefitrate, premiumrate) VALUES('EN60', 13, 5, 8, 'A',500, 1.01); | I157: ="{""age"":"""&B157&""", ""year"":"""&C157&""", ""couponrate"":"""&D157&""", ""benefittype"":"""&E157&""", ""benefitrate"":"""&F157&""", """&G$11&""":"""&G157&"""}" -> {"age":"13", "year":"5", "couponrate":"8", "benefittype":"A", "benefitrate":"500", "premiumrate":"1.01"} | J157: =IF(OR(I158="]", I157="[", I157="]"), "", ",") -> ,
A158: ='EN60'!A$3 -> EN60 | B158: =B157 -> 13 | C158: =C157+1 -> 6 | D158: =IF(C158+B158=80,0,8) -> 8 | E158: A | F158: =IF(C158>7, 800, C158*100) -> 600 | G158: =G157 -> 1.01 | H158: ="INSERT INTO public.coupon ("&A$11&", "&B$11&", """&C$11&""", "&D$11&", "&E$11&", "&F$11&", "&G$11&") VALUES('"&A158&"', "&B158&", "&C158&", "&D158&", '"&E158&"',"&F158&", "&G158&");" -> INSERT INTO public.coupon (plancode, age, "year", couponrate, benefittype, benefitrate, premiumrate) VALUES('EN60', 13, 6, 8, 'A',600, 1.01); | I158: ="{""age"":"""&B158&""", ""year"":"""&C158&""", ""couponrate"":"""&D158&""", ""benefittype"":"""&E158&""", ""benefitrate"":"""&F158&""", """&G$11&""":"""&G158&"""}" -> {"age":"13", "year":"6", "couponrate":"8", "benefittype":"A", "benefitrate":"600", "premiumrate":"1.01"} | J158: =IF(OR(I159="]", I158="[", I158="]"), "", ",") -> ,
A159: ='EN60'!A$3 -> EN60 | B159: =B158 -> 13 | C159: =C158+1 -> 7 | D159: =IF(C159+B159=80,0,8) -> 8 | E159: A | F159: =IF(C159>7, 800, C159*100) -> 700 | G159: =G158 -> 1.01 | H159: ="INSERT INTO public.coupon ("&A$11&", "&B$11&", """&C$11&""", "&D$11&", "&E$11&", "&F$11&", "&G$11&") VALUES('"&A159&"', "&B159&", "&C159&", "&D159&", '"&E159&"',"&F159&", "&G159&");" -> INSERT INTO public.coupon (plancode, age, "year", couponrate, benefittype, benefitrate, premiumrate) VALUES('EN60', 13, 7, 8, 'A',700, 1.01); | I159: ="{""age"":"""&B159&""", ""year"":"""&C159&""", ""couponrate"":"""&D159&""", ""benefittype"":"""&E159&""", ""benefitrate"":"""&F159&""", """&G$11&""":"""&G159&"""}" -> {"age":"13", "year":"7", "couponrate":"8", "benefittype":"A", "benefitrate":"700", "premiumrate":"1.01"} | J159: =IF(OR(I160="]", I159="[", I159="]"), "", ",") -> ,
A160: ='EN60'!A$3 -> EN60 | B160: =B159 -> 13 | C160: =C159+1 -> 8 | D160: =IF(C160+B160=80,0,8) -> 8 | E160: A | F160: =IF(C160>7, 800, C160*100) -> 800 | G160: =G159 -> 1.01 | H160: ="INSERT INTO public.coupon ("&A$11&", "&B$11&", """&C$11&""", "&D$11&", "&E$11&", "&F$11&", "&G$11&") VALUES('"&A160&"', "&B160&", "&C160&", "&D160&", '"&E160&"',"&F160&", "&G160&");" -> INSERT INTO public.coupon (plancode, age, "year", couponrate, benefittype, benefitrate, premiumrate) VALUES('EN60', 13, 8, 8, 'A',800, 1.01); | I160: ="{""age"":"""&B160&""", ""year"":"""&C160&""", ""couponrate"":"""&D160&""", ""benefittype"":"""&E160&""", ""benefitrate"":"""&F160&""", """&G$11&""":"""&G160&"""}" -> {"age":"13", "year":"8", "couponrate":"8", "benefittype":"A", "benefitrate":"800", "premiumrate":"1.01"} | J160: =IF(OR(I161="]", I160="[", I160="]"), "", ",") -> ,
A161: ='EN60'!A$3 -> EN60 | B161: =B160 -> 13 | C161: =C160+1 -> 9 | D161: =IF(C161+B161=80,0,8) -> 8 | E161: A | F161: =IF(C161>7, 800, C161*100) -> 800 | G161: =G160 -> 1.01 | H161: ="INSERT INTO public.coupon ("&A$11&", "&B$11&", """&C$11&""", "&D$11&", "&E$11&", "&F$11&", "&G$11&") VALUES('"&A161&"', "&B161&", "&C161&", "&D161&", '"&E161&"',"&F161&", "&G161&");" -> INSERT INTO public.coupon (plancode, age, "year", couponrate, benefittype, benefitrate, premiumrate) VALUES('EN60', 13, 9, 8, 'A',800, 1.01); | I161: ="{""age"":"""&B161&""", ""year"":"""&C161&""", ""couponrate"":"""&D161&""", ""benefittype"":"""&E161&""", ""benefitrate"":"""&F161&""", """&G$11&""":"""&G161&"""}" -> {"age":"13", "year":"9", "couponrate":"8", "benefittype":"A", "benefitrate":"800", "premiumrate":"1.01"} | J161: =IF(OR(I162="]", I161="[", I161="]"), "", ",") -> ,
A162: ='EN60'!A$3 -> EN60 | B162: =B161 -> 13 | C162: =C161+1 -> 10 | D162: =IF(C162+B162=80,0,8) -> 8 | E162: A | F162: =IF(C162>7, 800, C162*100) -> 800 | G162: =G161 -> 1.01 | H162: ="INSERT INTO public.coupon ("&A$11&", "&B$11&", """&C$11&""", "&D$11&", "&E$11&", "&F$11&", "&G$11&") VALUES('"&A162&"', "&B162&", "&C162&", "&D162&", '"&E162&"',"&F162&", "&G162&");" -> INSERT INTO public.coupon (plancode, age, "year", couponrate, benefittype, benefitrate, premiumrate) VALUES('EN60', 13, 10, 8, 'A',800, 1.01); | I162: ="{""age"":"""&B162&""", ""year"":"""&C162&""", ""couponrate"":"""&D162&""", ""benefittype"":"""&E162&""", ""benefitrate"":"""&F162&""", """&G$11&""":"""&G162&"""}" -> {"age":"13", "year":"10", "couponrate":"8", "benefittype":"A", "benefitrate":"800", "premiumrate":"1.01"} | J162: =IF(OR(I163="]", I162="[", I162="]"), "", ",") -> ,
A163: ='EN60'!A$3 -> EN60 | B163: =B162 -> 13 | C163: =C162+1 -> 11 | D163: =IF(C163+B163=80,0,8) -> 8 | E163: A | F163: =IF(C163>7, 800, C163*100) -> 800 | G163: =G162 -> 1.01 | H163: ="INSERT INTO public.coupon ("&A$11&", "&B$11&", """&C$11&""", "&D$11&", "&E$11&", "&F$11&", "&G$11&") VALUES('"&A163&"', "&B163&", "&C163&", "&D163&", '"&E163&"',"&F163&", "&G163&");" -> INSERT INTO public.coupon (plancode, age, "year", couponrate, benefittype, benefitrate, premiumrate) VALUES('EN60', 13, 11, 8, 'A',800, 1.01); | I163: ="{""age"":"""&B163&""", ""year"":"""&C163&""", ""couponrate"":"""&D163&""", ""benefittype"":"""&E163&""", ""benefitrate"":"""&F163&""", """&G$11&""":"""&G163&"""}" -> {"age":"13", "year":"11", "couponrate":"8", "benefittype":"A", "benefitrate":"800", "premiumrate":"1.01"} | J163: =IF(OR(I164="]", I163="[", I163="]"), "", ",") -> ,
A164: ='EN60'!A$3 -> EN60 | B164: =B163 -> 13 | C164: =C163+1 -> 12 | D164: =IF(C164+B164=80,0,8) -> 8 | E164: A | F164: =IF(C164>7, 800, C164*100) -> 800 | G164: =G163 -> 1.01 | H164: ="INSERT INTO public.coupon ("&A$11&", "&B$11&", """&C$11&""", "&D$11&", "&E$11&", "&F$11&", "&G$11&") VALUES('"&A164&"', "&B164&", "&C164&", "&D164&", '"&E164&"',"&F164&", "&G164&");" -> INSERT INTO public.coupon (plancode, age, "year", couponrate, benefittype, benefitrate, premiumrate) VALUES('EN60', 13, 12, 8, 'A',800, 1.01); | I164: ="{""age"":"""&B164&""", ""year"":"""&C164&""", ""couponrate"":"""&D164&""", ""benefittype"":"""&E164&""", ""benefitrate"":"""&F164&""", """&G$11&""":"""&G164&"""}" -> {"age":"13", "year":"12", "couponrate":"8", "benefittype":"A", "benefitrate":"800", "premiumrate":"1.01"} | J164: =IF(OR(I165="]", I164="[", I164="]"), "", ",") -> ,
A165: ='EN60'!A$3 -> EN60 | B165: =B164 -> 13 | C165: =C164+1 -> 13 | D165: =IF(C165+B165=80,0,8) -> 8 | E165: A | F165: =IF(C165>7, 800, C165*100) -> 800 | G165: =G164 -> 1.01 | H165: ="INSERT INTO public.coupon ("&A$11&", "&B$11&", """&C$11&""", "&D$11&", "&E$11&", "&F$11&", "&G$11&") VALUES('"&A165&"', "&B165&", "&C165&", "&D165&", '"&E165&"',"&F165&", "&G165&");" -> INSERT INTO public.coupon (plancode, age, "year", couponrate, benefittype, benefitrate, premiumrate) VALUES('EN60', 13, 13, 8, 'A',800, 1.01); | I165: ="{""age"":"""&B165&""", ""year"":"""&C165&""", ""couponrate"":"""&D165&""", ""benefittype"":"""&E165&""", ""benefitrate"":"""&F165&""", """&G$11&""":"""&G165&"""}" -> {"age":"13", "year":"13", "couponrate":"8", "benefittype":"A", "benefitrate":"800", "premiumrate":"1.01"} | J165: =IF(OR(I166="]", I165="[", I165="]"), "", ",") -> ,
... A218: ='EN60'!A$3 -> EN60 | B218: =B217 -> 13 | C218: =C217+1 -> 66 | D218: =IF(C218+B218=80,0,8) -> 8 | E218: A | F218: =IF(C218>7, 800, C218*100) -> 800 | G218: =G217 -> 1.01 | H218: ="INSERT INTO public.coupon ("&A$11&", "&B$11&", """&C$11&""", "&D$11&", "&E$11&", "&F$11&", "&G$11&") VALUES('"&A218&"', "&B218&", "&C218&", "&D218&", '"&E218&"',"&F218&", "&G218&");" -> INSERT INTO public.coupon (plancode, age, "year", couponrate, benefittype, benefitrate, premiumrate) VALUES('EN60', 13, 66, 8, 'A',800, 1.01); | I218: ="{""age"":"""&B218&""", ""year"":"""&C218&""", ""couponrate"":"""&D218&""", ""benefittype"":"""&E218&""", ""benefitrate"":"""&F218&""", """&G$11&""":"""&G218&"""}" -> {"age":"13", "year":"66", "couponrate":"8", "benefittype":"A", "benefitrate":"800", "premiumrate":"1.01"} | J218: =IF(OR(I219="]", I218="[", I218="]"), "", ",") -> ,
A219: ='EN60'!A$3 -> EN60 | B219: =B218 -> 13 | C219: =C218+1 -> 67 | D219: =IF(C219+B219=80,0,8) -> 0 | E219: A | F219: =IF(C219>7, 800, C219*100) -> 800 | G219: =G218 -> 1.01 | H219: ="INSERT INTO public.coupon ("&A$11&", "&B$11&", """&C$11&""", "&D$11&", "&E$11&", "&F$11&", "&G$11&") VALUES('"&A219&"', "&B219&", "&C219&", "&D219&", '"&E219&"',"&F219&", "&G219&");" -> INSERT INTO public.coupon (plancode, age, "year", couponrate, benefittype, benefitrate, premiumrate) VALUES('EN60', 13, 67, 0, 'A',800, 1.01); | I219: ="{""age"":"""&B219&""", ""year"":"""&C219&""", ""couponrate"":"""&D219&""", ""benefittype"":"""&E219&""", ""benefitrate"":"""&F219&""", """&G$11&""":"""&G219&"""}" -> {"age":"13", "year":"67", "couponrate":"0", "benefittype":"A", "benefitrate":"800", "premiumrate":"1.01"}
I220: ]}]
A221: plancode | B221: age | C221: year | D221: couponrate | E221: benefittype | F221: benefitrate | G221: premiumrate | I221: ="[{""plancode"":"""&A222&""",""returncash"":"""&B$7&""",""ytable"":"""&C$7&""",""maturerate"":"""&B$3&""",""maturepmrate"":"""&C$3&""",""coupon"":[" -> [{"plancode":"EN60","returncash":"1","ytable":"Y","maturerate":"808","maturepmrate":"1.01","coupon":[
A222: ='EN60'!A$3 -> EN60 | B222: 14 | C222: 1 | D222: =IF(C222+B222=80,0,8) -> 8 | E222: A | F222: =IF(C222>7, 800, C222*100) -> 100 | G222: ='EN60'!C$3 -> 1.01 | H222: ="INSERT INTO public.coupon ("&A$11&", "&B$11&", """&C$11&""", "&D$11&", "&E$11&", "&F$11&", "&G$11&") VALUES('"&A222&"', "&B222&", "&C222&", "&D222&", '"&E222&"',"&F222&", "&G222&");" -> INSERT INTO public.coupon (plancode, age, "year", couponrate, benefittype, benefitrate, premiumrate) VALUES('EN60', 14, 1, 8, 'A',100, 1.01); | I222: ="{""age"":"""&B222&""", ""year"":"""&C222&""", ""couponrate"":"""&D222&""", ""benefittype"":"""&E222&""", ""benefitrate"":"""&F222&""", """&G$11&""":"""&G222&"""}" -> {"age":"14", "year":"1", "couponrate":"8", "benefittype":"A", "benefitrate":"100", "premiumrate":"1.01"} | J222: =IF(OR(I223="]", I222="[", I222="]"), "", ",") -> ,
A223: ='EN60'!A$3 -> EN60 | B223: =B222 -> 14 | C223: =C222+1 -> 2 | D223: =IF(C223+B223=80,0,8) -> 8 | E223: A | F223: =IF(C223>7, 800, C223*100) -> 200 | G223: =G222 -> 1.01 | H223: ="INSERT INTO public.coupon ("&A$11&", "&B$11&", """&C$11&""", "&D$11&", "&E$11&", "&F$11&", "&G$11&") VALUES('"&A223&"', "&B223&", "&C223&", "&D223&", '"&E223&"',"&F223&", "&G223&");" -> INSERT INTO public.coupon (plancode, age, "year", couponrate, benefittype, benefitrate, premiumrate) VALUES('EN60', 14, 2, 8, 'A',200, 1.01); | I223: ="{""age"":"""&B223&""", ""year"":"""&C223&""", ""couponrate"":"""&D223&""", ""benefittype"":"""&E223&""", ""benefitrate"":"""&F223&""", """&G$11&""":"""&G223&"""}" -> {"age":"14", "year":"2", "couponrate":"8", "benefittype":"A", "benefitrate":"200", "premiumrate":"1.01"} | J223: =IF(OR(I224="]", I223="[", I223="]"), "", ",") -> ,
A224: ='EN60'!A$3 -> EN60 | B224: =B223 -> 14 | C224: =C223+1 -> 3 | D224: =IF(C224+B224=80,0,8) -> 8 | E224: A | F224: =IF(C224>7, 800, C224*100) -> 300 | G224: =G223 -> 1.01 | H224: ="INSERT INTO public.coupon ("&A$11&", "&B$11&", """&C$11&""", "&D$11&", "&E$11&", "&F$11&", "&G$11&") VALUES('"&A224&"', "&B224&", "&C224&", "&D224&", '"&E224&"',"&F224&", "&G224&");" -> INSERT INTO public.coupon (plancode, age, "year", couponrate, benefittype, benefitrate, premiumrate) VALUES('EN60', 14, 3, 8, 'A',300, 1.01); | I224: ="{""age"":"""&B224&""", ""year"":"""&C224&""", ""couponrate"":"""&D224&""", ""benefittype"":"""&E224&""", ""benefitrate"":"""&F224&""", """&G$11&""":"""&G224&"""}" -> {"age":"14", "year":"3", "couponrate":"8", "benefittype":"A", "benefitrate":"300", "premiumrate":"1.01"} | J224: =IF(OR(I225="]", I224="[", I224="]"), "", ",") -> ,
A225: ='EN60'!A$3 -> EN60 | B225: =B224 -> 14 | C225: =C224+1 -> 4 | D225: =IF(C225+B225=80,0,8) -> 8 | E225: A | F225: =IF(C225>7, 800, C225*100) -> 400 | G225: =G224 -> 1.01 | H225: ="INSERT INTO public.coupon ("&A$11&", "&B$11&", """&C$11&""", "&D$11&", "&E$11&", "&F$11&", "&G$11&") VALUES('"&A225&"', "&B225&", "&C225&", "&D225&", '"&E225&"',"&F225&", "&G225&");" -> INSERT INTO public.coupon (plancode, age, "year", couponrate, benefittype, benefitrate, premiumrate) VALUES('EN60', 14, 4, 8, 'A',400, 1.01); | I225: ="{""age"":"""&B225&""", ""year"":"""&C225&""", ""couponrate"":"""&D225&""", ""benefittype"":"""&E225&""", ""benefitrate"":"""&F225&""", """&G$11&""":"""&G225&"""}" -> {"age":"14", "year":"4", "couponrate":"8", "benefittype":"A", "benefitrate":"400", "premiumrate":"1.01"} | J225: =IF(OR(I226="]", I225="[", I225="]"), "", ",") -> ,
A226: ='EN60'!A$3 -> EN60 | B226: =B225 -> 14 | C226: =C225+1 -> 5 | D226: =IF(C226+B226=80,0,8) -> 8 | E226: A | F226: =IF(C226>7, 800, C226*100) -> 500 | G226: =G225 -> 1.01 | H226: ="INSERT INTO public.coupon ("&A$11&", "&B$11&", """&C$11&""", "&D$11&", "&E$11&", "&F$11&", "&G$11&") VALUES('"&A226&"', "&B226&", "&C226&", "&D226&", '"&E226&"',"&F226&", "&G226&");" -> INSERT INTO public.coupon (plancode, age, "year", couponrate, benefittype, benefitrate, premiumrate) VALUES('EN60', 14, 5, 8, 'A',500, 1.01); | I226: ="{""age"":"""&B226&""", ""year"":"""&C226&""", ""couponrate"":"""&D226&""", ""benefittype"":"""&E226&""", ""benefitrate"":"""&F226&""", """&G$11&""":"""&G226&"""}" -> {"age":"14", "year":"5", "couponrate":"8", "benefittype":"A", "benefitrate":"500", "premiumrate":"1.01"} | J226: =IF(OR(I227="]", I226="[", I226="]"), "", ",") -> ,
A227: ='EN60'!A$3 -> EN60 | B227: =B226 -> 14 | C227: =C226+1 -> 6 | D227: =IF(C227+B227=80,0,8) -> 8 | E227: A | F227: =IF(C227>7, 800, C227*100) -> 600 | G227: =G226 -> 1.01 | H227: ="INSERT INTO public.coupon ("&A$11&", "&B$11&", """&C$11&""", "&D$11&", "&E$11&", "&F$11&", "&G$11&") VALUES('"&A227&"', "&B227&", "&C227&", "&D227&", '"&E227&"',"&F227&", "&G227&");" -> INSERT INTO public.coupon (plancode, age, "year", couponrate, benefittype, benefitrate, premiumrate) VALUES('EN60', 14, 6, 8, 'A',600, 1.01); | I227: ="{""age"":"""&B227&""", ""year"":"""&C227&""", ""couponrate"":"""&D227&""", ""benefittype"":"""&E227&""", ""benefitrate"":"""&F227&""", """&G$11&""":"""&G227&"""}" -> {"age":"14", "year":"6", "couponrate":"8", "benefittype":"A", "benefitrate":"600", "premiumrate":"1.01"} | J227: =IF(OR(I228="]", I227="[", I227="]"), "", ",") -> ,
A228: ='EN60'!A$3 -> EN60 | B228: =B227 -> 14 | C228: =C227+1 -> 7 | D228: =IF(C228+B228=80,0,8) -> 8 | E228: A | F228: =IF(C228>7, 800, C228*100) -> 700 | G228: =G227 -> 1.01 | H228: ="INSERT INTO public.coupon ("&A$11&", "&B$11&", """&C$11&""", "&D$11&", "&E$11&", "&F$11&", "&G$11&") VALUES('"&A228&"', "&B228&", "&C228&", "&D228&", '"&E228&"',"&F228&", "&G228&");" -> INSERT INTO public.coupon (plancode, age, "year", couponrate, benefittype, benefitrate, premiumrate) VALUES('EN60', 14, 7, 8, 'A',700, 1.01); | I228: ="{""age"":"""&B228&""", ""year"":"""&C228&""", ""couponrate"":"""&D228&""", ""benefittype"":"""&E228&""", ""benefitrate"":"""&F228&""", """&G$11&""":"""&G228&"""}" -> {"age":"14", "year":"7", "couponrate":"8", "benefittype":"A", "benefitrate":"700", "premiumrate":"1.01"} | J228: =IF(OR(I229="]", I228="[", I228="]"), "", ",") -> ,
A229: ='EN60'!A$3 -> EN60 | B229: =B228 -> 14 | C229: =C228+1 -> 8 | D229: =IF(C229+B229=80,0,8) -> 8 | E229: A | F229: =IF(C229>7, 800, C229*100) -> 800 | G229: =G228 -> 1.01 | H229: ="INSERT INTO public.coupon ("&A$11&", "&B$11&", """&C$11&""", "&D$11&", "&E$11&", "&F$11&", "&G$11&") VALUES('"&A229&"', "&B229&", "&C229&", "&D229&", '"&E229&"',"&F229&", "&G229&");" -> INSERT INTO public.coupon (plancode, age, "year", couponrate, benefittype, benefitrate, premiumrate) VALUES('EN60', 14, 8, 8, 'A',800, 1.01); | I229: ="{""age"":"""&B229&""", ""year"":"""&C229&""", ""couponrate"":"""&D229&""", ""benefittype"":"""&E229&""", ""benefitrate"":"""&F229&""", """&G$11&""":"""&G229&"""}" -> {"age":"14", "year":"8", "couponrate":"8", "benefittype":"A", "benefitrate":"800", "premiumrate":"1.01"} | J229: =IF(OR(I230="]", I229="[", I229="]"), "", ",") -> ,
A230: ='EN60'!A$3 -> EN60 | B230: =B229 -> 14 | C230: =C229+1 -> 9 | D230: =IF(C230+B230=80,0,8) -> 8 | E230: A | F230: =IF(C230>7, 800, C230*100) -> 800 | G230: =G229 -> 1.01 | H230: ="INSERT INTO public.coupon ("&A$11&", "&B$11&", """&C$11&""", "&D$11&", "&E$11&", "&F$11&", "&G$11&") VALUES('"&A230&"', "&B230&", "&C230&", "&D230&", '"&E230&"',"&F230&", "&G230&");" -> INSERT INTO public.coupon (plancode, age, "year", couponrate, benefittype, benefitrate, premiumrate) VALUES('EN60', 14, 9, 8, 'A',800, 1.01); | I230: ="{""age"":"""&B230&""", ""year"":"""&C230&""", ""couponrate"":"""&D230&""", ""benefittype"":"""&E230&""", ""benefitrate"":"""&F230&""", """&G$11&""":"""&G230&"""}" -> {"age":"14", "year":"9", "couponrate":"8", "benefittype":"A", "benefitrate":"800", "premiumrate":"1.01"} | J230: =IF(OR(I231="]", I230="[", I230="]"), "", ",") -> ,
A231: ='EN60'!A$3 -> EN60 | B231: =B230 -> 14 | C231: =C230+1 -> 10 | D231: =IF(C231+B231=80,0,8) -> 8 | E231: A | F231: =IF(C231>7, 800, C231*100) -> 800 | G231: =G230 -> 1.01 | H231: ="INSERT INTO public.coupon ("&A$11&", "&B$11&", """&C$11&""", "&D$11&", "&E$11&", "&F$11&", "&G$11&") VALUES('"&A231&"', "&B231&", "&C231&", "&D231&", '"&E231&"',"&F231&", "&G231&");" -> INSERT INTO public.coupon (plancode, age, "year", couponrate, benefittype, benefitrate, premiumrate) VALUES('EN60', 14, 10, 8, 'A',800, 1.01); | I231: ="{""age"":"""&B231&""", ""year"":"""&C231&""", ""couponrate"":"""&D231&""", ""benefittype"":"""&E231&""", ""benefitrate"":"""&F231&""", """&G$11&""":"""&G231&"""}" -> {"age":"14", "year":"10", "couponrate":"8", "benefittype":"A", "benefitrate":"800", "premiumrate":"1.01"} | J231: =IF(OR(I232="]", I231="[", I231="]"), "", ",") -> ,
A232: ='EN60'!A$3 -> EN60 | B232: =B231 -> 14 | C232: =C231+1 -> 11 | D232: =IF(C232+B232=80,0,8) -> 8 | E232: A | F232: =IF(C232>7, 800, C232*100) -> 800 | G232: =G231 -> 1.01 | H232: ="INSERT INTO public.coupon ("&A$11&", "&B$11&", """&C$11&""", "&D$11&", "&E$11&", "&F$11&", "&G$11&") VALUES('"&A232&"', "&B232&", "&C232&", "&D232&", '"&E232&"',"&F232&", "&G232&");" -> INSERT INTO public.coupon (plancode, age, "year", couponrate, benefittype, benefitrate, premiumrate) VALUES('EN60', 14, 11, 8, 'A',800, 1.01); | I232: ="{""age"":"""&B232&""", ""year"":"""&C232&""", ""couponrate"":"""&D232&""", ""benefittype"":"""&E232&""", ""benefitrate"":"""&F232&""", """&G$11&""":"""&G232&"""}" -> {"age":"14", "year":"11", "couponrate":"8", "benefittype":"A", "benefitrate":"800", "premiumrate":"1.01"} | J232: =IF(OR(I233="]", I232="[", I232="]"), "", ",") -> ,
A233: ='EN60'!A$3 -> EN60 | B233: =B232 -> 14 | C233: =C232+1 -> 12 | D233: =IF(C233+B233=80,0,8) -> 8 | E233: A | F233: =IF(C233>7, 800, C233*100) -> 800 | G233: =G232 -> 1.01 | H233: ="INSERT INTO public.coupon ("&A$11&", "&B$11&", """&C$11&""", "&D$11&", "&E$11&", "&F$11&", "&G$11&") VALUES('"&A233&"', "&B233&", "&C233&", "&D233&", '"&E233&"',"&F233&", "&G233&");" -> INSERT INTO public.coupon (plancode, age, "year", couponrate, benefittype, benefitrate, premiumrate) VALUES('EN60', 14, 12, 8, 'A',800, 1.01); | I233: ="{""age"":"""&B233&""", ""year"":"""&C233&""", ""couponrate"":"""&D233&""", ""benefittype"":"""&E233&""", ""benefitrate"":"""&F233&""", """&G$11&""":"""&G233&"""}" -> {"age":"14", "year":"12", "couponrate":"8", "benefittype":"A", "benefitrate":"800", "premiumrate":"1.01"} | J233: =IF(OR(I234="]", I233="[", I233="]"), "", ",") -> ,
A234: ='EN60'!A$3 -> EN60 | B234: =B233 -> 14 | C234: =C233+1 -> 13 | D234: =IF(C234+B234=80,0,8) -> 8 | E234: A | F234: =IF(C234>7, 800, C234*100) -> 800 | G234: =G233 -> 1.01 | H234: ="INSERT INTO public.coupon ("&A$11&", "&B$11&", """&C$11&""", "&D$11&", "&E$11&", "&F$11&", "&G$11&") VALUES('"&A234&"', "&B234&", "&C234&", "&D234&", '"&E234&"',"&F234&", "&G234&");" -> INSERT INTO public.coupon (plancode, age, "year", couponrate, benefittype, benefitrate, premiumrate) VALUES('EN60', 14, 13, 8, 'A',800, 1.01); | I234: ="{""age"":"""&B234&""", ""year"":"""&C234&""", ""couponrate"":"""&D234&""", ""benefittype"":"""&E234&""", ""benefitrate"":"""&F234&""", """&G$11&""":"""&G234&"""}" -> {"age":"14", "year":"13", "couponrate":"8", "benefittype":"A", "benefitrate":"800", "premiumrate":"1.01"} | J234: =IF(OR(I235="]", I234="[", I234="]"), "", ",") -> ,
... A286: ='EN60'!A$3 -> EN60 | B286: =B285 -> 14 | C286: =C285+1 -> 65 | D286: =IF(C286+B286=80,0,8) -> 8 | E286: A | F286: =IF(C286>7, 800, C286*100) -> 800 | G286: =G285 -> 1.01 | H286: ="INSERT INTO public.coupon ("&A$11&", "&B$11&", """&C$11&""", "&D$11&", "&E$11&", "&F$11&", "&G$11&") VALUES('"&A286&"', "&B286&", "&C286&", "&D286&", '"&E286&"',"&F286&", "&G286&");" -> INSERT INTO public.coupon (plancode, age, "year", couponrate, benefittype, benefitrate, premiumrate) VALUES('EN60', 14, 65, 8, 'A',800, 1.01); | I286: ="{""age"":"""&B286&""", ""year"":"""&C286&""", ""couponrate"":"""&D286&""", ""benefittype"":"""&E286&""", ""benefitrate"":"""&F286&""", """&G$11&""":"""&G286&"""}" -> {"age":"14", "year":"65", "couponrate":"8", "benefittype":"A", "benefitrate":"800", "premiumrate":"1.01"} | J286: =IF(OR(I287="]", I286="[", I286="]"), "", ",") -> ,
A287: ='EN60'!A$3 -> EN60 | B287: =B286 -> 14 | C287: =C286+1 -> 66 | D287: =IF(C287+B287=80,0,8) -> 0 | E287: A | F287: =IF(C287>7, 800, C287*100) -> 800 | G287: =G286 -> 1.01 | H287: ="INSERT INTO public.coupon ("&A$11&", "&B$11&", """&C$11&""", "&D$11&", "&E$11&", "&F$11&", "&G$11&") VALUES('"&A287&"', "&B287&", "&C287&", "&D287&", '"&E287&"',"&F287&", "&G287&");" -> INSERT INTO public.coupon (plancode, age, "year", couponrate, benefittype, benefitrate, premiumrate) VALUES('EN60', 14, 66, 0, 'A',800, 1.01); | I287: ="{""age"":"""&B287&""", ""year"":"""&C287&""", ""couponrate"":"""&D287&""", ""benefittype"":"""&E287&""", ""benefitrate"":"""&F287&""", """&G$11&""":"""&G287&"""}" -> {"age":"14", "year":"66", "couponrate":"0", "benefittype":"A", "benefitrate":"800", "premiumrate":"1.01"}
I288: ]}]
A289: plancode | B289: age | C289: year | D289: couponrate | E289: benefittype | F289: benefitrate | G289: premiumrate | I289: ="[{""plancode"":"""&A290&""",""returncash"":"""&B$7&""",""ytable"":"""&C$7&""",""maturerate"":"""&B$3&""",""maturepmrate"":"""&C$3&""",""coupon"":[" -> [{"plancode":"EN60","returncash":"1","ytable":"Y","maturerate":"808","maturepmrate":"1.01","coupon":[
A290: ='EN60'!A$3 -> EN60 | B290: 15 | C290: 1 | D290: =IF(C290+B290=80,0,8) -> 8 | E290: A | F290: =IF(C290>7, 800, C290*100) -> 100 | G290: ='EN60'!C$3 -> 1.01 | H290: ="INSERT INTO public.coupon ("&A$11&", "&B$11&", """&C$11&""", "&D$11&", "&E$11&", "&F$11&", "&G$11&") VALUES('"&A290&"', "&B290&", "&C290&", "&D290&", '"&E290&"',"&F290&", "&G290&");" -> INSERT INTO public.coupon (plancode, age, "year", couponrate, benefittype, benefitrate, premiumrate) VALUES('EN60', 15, 1, 8, 'A',100, 1.01); | I290: ="{""age"":"""&B290&""", ""year"":"""&C290&""", ""couponrate"":"""&D290&""", ""benefittype"":"""&E290&""", ""benefitrate"":"""&F290&""", """&G$11&""":"""&G290&"""}" -> {"age":"15", "year":"1", "couponrate":"8", "benefittype":"A", "benefitrate":"100", "premiumrate":"1.01"} | J290: =IF(OR(I291="]", I290="[", I290="]"), "", ",") -> ,
A291: ='EN60'!A$3 -> EN60 | B291: =B290 -> 15 | C291: =C290+1 -> 2 | D291: =IF(C291+B291=80,0,8) -> 8 | E291: A | F291: =IF(C291>7, 800, C291*100) -> 200 | G291: =G290 -> 1.01 | H291: ="INSERT INTO public.coupon ("&A$11&", "&B$11&", """&C$11&""", "&D$11&", "&E$11&", "&F$11&", "&G$11&") VALUES('"&A291&"', "&B291&", "&C291&", "&D291&", '"&E291&"',"&F291&", "&G291&");" -> INSERT INTO public.coupon (plancode, age, "year", couponrate, benefittype, benefitrate, premiumrate) VALUES('EN60', 15, 2, 8, 'A',200, 1.01); | I291: ="{""age"":"""&B291&""", ""year"":"""&C291&""", ""couponrate"":"""&D291&""", ""benefittype"":"""&E291&""", ""benefitrate"":"""&F291&""", """&G$11&""":"""&G291&"""}" -> {"age":"15", "year":"2", "couponrate":"8", "benefittype":"A", "benefitrate":"200", "premiumrate":"1.01"} | J291: =IF(OR(I292="]", I291="[", I291="]"), "", ",") -> ,
A292: ='EN60'!A$3 -> EN60 | B292: =B291 -> 15 | C292: =C291+1 -> 3 | D292: =IF(C292+B292=80,0,8) -> 8 | E292: A | F292: =IF(C292>7, 800, C292*100) -> 300 | G292: =G291 -> 1.01 | H292: ="INSERT INTO public.coupon ("&A$11&", "&B$11&", """&C$11&""", "&D$11&", "&E$11&", "&F$11&", "&G$11&") VALUES('"&A292&"', "&B292&", "&C292&", "&D292&", '"&E292&"',"&F292&", "&G292&");" -> INSERT INTO public.coupon (plancode, age, "year", couponrate, benefittype, benefitrate, premiumrate) VALUES('EN60', 15, 3, 8, 'A',300, 1.01); | I292: ="{""age"":"""&B292&""", ""year"":"""&C292&""", ""couponrate"":"""&D292&""", ""benefittype"":"""&E292&""", ""benefitrate"":"""&F292&""", """&G$11&""":"""&G292&"""}" -> {"age":"15", "year":"3", "couponrate":"8", "benefittype":"A", "benefitrate":"300", "premiumrate":"1.01"} | J292: =IF(OR(I293="]", I292="[", I292="]"), "", ",") -> ,
A293: ='EN60'!A$3 -> EN60 | B293: =B292 -> 15 | C293: =C292+1 -> 4 | D293: =IF(C293+B293=80,0,8) -> 8 | E293: A | F293: =IF(C293>7, 800, C293*100) -> 400 | G293: =G292 -> 1.01 | H293: ="INSERT INTO public.coupon ("&A$11&", "&B$11&", """&C$11&""", "&D$11&", "&E$11&", "&F$11&", "&G$11&") VALUES('"&A293&"', "&B293&", "&C293&", "&D293&", '"&E293&"',"&F293&", "&G293&");" -> INSERT INTO public.coupon (plancode, age, "year", couponrate, benefittype, benefitrate, premiumrate) VALUES('EN60', 15, 4, 8, 'A',400, 1.01); | I293: ="{""age"":"""&B293&""", ""year"":"""&C293&""", ""couponrate"":"""&D293&""", ""benefittype"":"""&E293&""", ""benefitrate"":"""&F293&""", """&G$11&""":"""&G293&"""}" -> {"age":"15", "year":"4", "couponrate":"8", "benefittype":"A", "benefitrate":"400", "premiumrate":"1.01"} | J293: =IF(OR(I294="]", I293="[", I293="]"), "", ",") -> ,
A294: ='EN60'!A$3 -> EN60 | B294: =B293 -> 15 | C294: =C293+1 -> 5 | D294: =IF(C294+B294=80,0,8) -> 8 | E294: A | F294: =IF(C294>7, 800, C294*100) -> 500 | G294: =G293 -> 1.01 | H294: ="INSERT INTO public.coupon ("&A$11&", "&B$11&", """&C$11&""", "&D$11&", "&E$11&", "&F$11&", "&G$11&") VALUES('"&A294&"', "&B294&", "&C294&", "&D294&", '"&E294&"',"&F294&", "&G294&");" -> INSERT INTO public.coupon (plancode, age, "year", couponrate, benefittype, benefitrate, premiumrate) VALUES('EN60', 15, 5, 8, 'A',500, 1.01); | I294: ="{""age"":"""&B294&""", ""year"":"""&C294&""", ""couponrate"":"""&D294&""", ""benefittype"":"""&E294&""", ""benefitrate"":"""&F294&""", """&G$11&""":"""&G294&"""}" -> {"age":"15", "year":"5", "couponrate":"8", "benefittype":"A", "benefitrate":"500", "premiumrate":"1.01"} | J294: =IF(OR(I295="]", I294="[", I294="]"), "", ",") -> ,
A295: ='EN60'!A$3 -> EN60 | B295: =B294 -> 15 | C295: =C294+1 -> 6 | D295: =IF(C295+B295=80,0,8) -> 8 | E295: A | F295: =IF(C295>7, 800, C295*100) -> 600 | G295: =G294 -> 1.01 | H295: ="INSERT INTO public.coupon ("&A$11&", "&B$11&", """&C$11&""", "&D$11&", "&E$11&", "&F$11&", "&G$11&") VALUES('"&A295&"', "&B295&", "&C295&", "&D295&", '"&E295&"',"&F295&", "&G295&");" -> INSERT INTO public.coupon (plancode, age, "year", couponrate, benefittype, benefitrate, premiumrate) VALUES('EN60', 15, 6, 8, 'A',600, 1.01); | I295: ="{""age"":"""&B295&""", ""year"":"""&C295&""", ""couponrate"":"""&D295&""", ""benefittype"":"""&E295&""", ""benefitrate"":"""&F295&""", """&G$11&""":"""&G295&"""}" -> {"age":"15", "year":"6", "couponrate":"8", "benefittype":"A", "benefitrate":"600", "premiumrate":"1.01"} | J295: =IF(OR(I296="]", I295="[", I295="]"), "", ",") -> ,
A296: ='EN60'!A$3 -> EN60 | B296: =B295 -> 15 | C296: =C295+1 -> 7 | D296: =IF(C296+B296=80,0,8) -> 8 | E296: A | F296: =IF(C296>7, 800, C296*100) -> 700 | G296: =G295 -> 1.01 | H296: ="INSERT INTO public.coupon ("&A$11&", "&B$11&", """&C$11&""", "&D$11&", "&E$11&", "&F$11&", "&G$11&") VALUES('"&A296&"', "&B296&", "&C296&", "&D296&", '"&E296&"',"&F296&", "&G296&");" -> INSERT INTO public.coupon (plancode, age, "year", couponrate, benefittype, benefitrate, premiumrate) VALUES('EN60', 15, 7, 8, 'A',700, 1.01); | I296: ="{""age"":"""&B296&""", ""year"":"""&C296&""", ""couponrate"":"""&D296&""", ""benefittype"":"""&E296&""", ""benefitrate"":"""&F296&""", """&G$11&""":"""&G296&"""}" -> {"age":"15", "year":"7", "couponrate":"8", "benefittype":"A", "benefitrate":"700", "premiumrate":"1.01"} | J296: =IF(OR(I297="]", I296="[", I296="]"), "", ",") -> ,
A297: ='EN60'!A$3 -> EN60 | B297: =B296 -> 15 | C297: =C296+1 -> 8 | D297: =IF(C297+B297=80,0,8) -> 8 | E297: A | F297: =IF(C297>7, 800, C297*100) -> 800 | G297: =G296 -> 1.01 | H297: ="INSERT INTO public.coupon ("&A$11&", "&B$11&", """&C$11&""", "&D$11&", "&E$11&", "&F$11&", "&G$11&") VALUES('"&A297&"', "&B297&", "&C297&", "&D297&", '"&E297&"',"&F297&", "&G297&");" -> INSERT INTO public.coupon (plancode, age, "year", couponrate, benefittype, benefitrate, premiumrate) VALUES('EN60', 15, 8, 8, 'A',800, 1.01); | I297: ="{""age"":"""&B297&""", ""year"":"""&C297&""", ""couponrate"":"""&D297&""", ""benefittype"":"""&E297&""", ""benefitrate"":"""&F297&""", """&G$11&""":"""&G297&"""}" -> {"age":"15", "year":"8", "couponrate":"8", "benefittype":"A", "benefitrate":"800", "premiumrate":"1.01"} | J297: =IF(OR(I298="]", I297="[", I297="]"), "", ",") -> ,
A298: ='EN60'!A$3 -> EN60 | B298: =B297 -> 15 | C298: =C297+1 -> 9 | D298: =IF(C298+B298=80,0,8) -> 8 | E298: A | F298: =IF(C298>7, 800, C298*100) -> 800 | G298: =G297 -> 1.01 | H298: ="INSERT INTO public.coupon ("&A$11&", "&B$11&", """&C$11&""", "&D$11&", "&E$11&", "&F$11&", "&G$11&") VALUES('"&A298&"', "&B298&", "&C298&", "&D298&", '"&E298&"',"&F298&", "&G298&");" -> INSERT INTO public.coupon (plancode, age, "year", couponrate, benefittype, benefitrate, premiumrate) VALUES('EN60', 15, 9, 8, 'A',800, 1.01); | I298: ="{""age"":"""&B298&""", ""year"":"""&C298&""", ""couponrate"":"""&D298&""", ""benefittype"":"""&E298&""", ""benefitrate"":"""&F298&""", """&G$11&""":"""&G298&"""}" -> {"age":"15", "year":"9", "couponrate":"8", "benefittype":"A", "benefitrate":"800", "premiumrate":"1.01"} | J298: =IF(OR(I299="]", I298="[", I298="]"), "", ",") -> ,
A299: ='EN60'!A$3 -> EN60 | B299: =B298 -> 15 | C299: =C298+1 -> 10 | D299: =IF(C299+B299=80,0,8) -> 8 | E299: A | F299: =IF(C299>7, 800, C299*100) -> 800 | G299: =G298 -> 1.01 | H299: ="INSERT INTO public.coupon ("&A$11&", "&B$11&", """&C$11&""", "&D$11&", "&E$11&", "&F$11&", "&G$11&") VALUES('"&A299&"', "&B299&", "&C299&", "&D299&", '"&E299&"',"&F299&", "&G299&");" -> INSERT INTO public.coupon (plancode, age, "year", couponrate, benefittype, benefitrate, premiumrate) VALUES('EN60', 15, 10, 8, 'A',800, 1.01); | I299: ="{""age"":"""&B299&""", ""year"":"""&C299&""", ""couponrate"":"""&D299&""", ""benefittype"":"""&E299&""", ""benefitrate"":"""&F299&""", """&G$11&""":"""&G299&"""}" -> {"age":"15", "year":"10", "couponrate":"8", "benefittype":"A", "benefitrate":"800", "premiumrate":"1.01"} | J299: =IF(OR(I300="]", I299="[", I299="]"), "", ",") -> ,
A300: ='EN60'!A$3 -> EN60 | B300: =B299 -> 15 | C300: =C299+1 -> 11 | D300: =IF(C300+B300=80,0,8) -> 8 | E300: A | F300: =IF(C300>7, 800, C300*100) -> 800 | G300: =G299 -> 1.01 | H300: ="INSERT INTO public.coupon ("&A$11&", "&B$11&", """&C$11&""", "&D$11&", "&E$11&", "&F$11&", "&G$11&") VALUES('"&A300&"', "&B300&", "&C300&", "&D300&", '"&E300&"',"&F300&", "&G300&");" -> INSERT INTO public.coupon (plancode, age, "year", couponrate, benefittype, benefitrate, premiumrate) VALUES('EN60', 15, 11, 8, 'A',800, 1.01); | I300: ="{""age"":"""&B300&""", ""year"":"""&C300&""", ""couponrate"":"""&D300&""", ""benefittype"":"""&E300&""", ""benefitrate"":"""&F300&""", """&G$11&""":"""&G300&"""}" -> {"age":"15", "year":"11", "couponrate":"8", "benefittype":"A", "benefitrate":"800", "premiumrate":"1.01"} | J300: =IF(OR(I301="]", I300="[", I300="]"), "", ",") -> ,
A301: ='EN60'!A$3 -> EN60 | B301: =B300 -> 15 | C301: =C300+1 -> 12 | D301: =IF(C301+B301=80,0,8) -> 8 | E301: A | F301: =IF(C301>7, 800, C301*100) -> 800 | G301: =G300 -> 1.01 | H301: ="INSERT INTO public.coupon ("&A$11&", "&B$11&", """&C$11&""", "&D$11&", "&E$11&", "&F$11&", "&G$11&") VALUES('"&A301&"', "&B301&", "&C301&", "&D301&", '"&E301&"',"&F301&", "&G301&");" -> INSERT INTO public.coupon (plancode, age, "year", couponrate, benefittype, benefitrate, premiumrate) VALUES('EN60', 15, 12, 8, 'A',800, 1.01); | I301: ="{""age"":"""&B301&""", ""year"":"""&C301&""", ""couponrate"":"""&D301&""", ""benefittype"":"""&E301&""", ""benefitrate"":"""&F301&""", """&G$11&""":"""&G301&"""}" -> {"age":"15", "year":"12", "couponrate":"8", "benefittype":"A", "benefitrate":"800", "premiumrate":"1.01"} | J301: =IF(OR(I302="]", I301="[", I301="]"), "", ",") -> ,
A302: ='EN60'!A$3 -> EN60 | B302: =B301 -> 15 | C302: =C301+1 -> 13 | D302: =IF(C302+B302=80,0,8) -> 8 | E302: A | F302: =IF(C302>7, 800, C302*100) -> 800 | G302: =G301 -> 1.01 | H302: ="INSERT INTO public.coupon ("&A$11&", "&B$11&", """&C$11&""", "&D$11&", "&E$11&", "&F$11&", "&G$11&") VALUES('"&A302&"', "&B302&", "&C302&", "&D302&", '"&E302&"',"&F302&", "&G302&");" -> INSERT INTO public.coupon (plancode, age, "year", couponrate, benefittype, benefitrate, premiumrate) VALUES('EN60', 15, 13, 8, 'A',800, 1.01); | I302: ="{""age"":"""&B302&""", ""year"":"""&C302&""", ""couponrate"":"""&D302&""", ""benefittype"":"""&E302&""", ""benefitrate"":"""&F302&""", """&G$11&""":"""&G302&"""}" -> {"age":"15", "year":"13", "couponrate":"8", "benefittype":"A", "benefitrate":"800", "premiumrate":"1.01"} | J302: =IF(OR(I303="]", I302="[", I302="]"), "", ",") -> ,
... A353: ='EN60'!A$3 -> EN60 | B353: =B352 -> 15 | C353: =C352+1 -> 64 | D353: =IF(C353+B353=80,0,8) -> 8 | E353: A | F353: =IF(C353>7, 800, C353*100) -> 800 | G353: =G352 -> 1.01 | H353: ="INSERT INTO public.coupon ("&A$11&", "&B$11&", """&C$11&""", "&D$11&", "&E$11&", "&F$11&", "&G$11&") VALUES('"&A353&"', "&B353&", "&C353&", "&D353&", '"&E353&"',"&F353&", "&G353&");" -> INSERT INTO public.coupon (plancode, age, "year", couponrate, benefittype, benefitrate, premiumrate) VALUES('EN60', 15, 64, 8, 'A',800, 1.01); | I353: ="{""age"":"""&B353&""", ""year"":"""&C353&""", ""couponrate"":"""&D353&""", ""benefittype"":"""&E353&""", ""benefitrate"":"""&F353&""", """&G$11&""":"""&G353&"""}" -> {"age":"15", "year":"64", "couponrate":"8", "benefittype":"A", "benefitrate":"800", "premiumrate":"1.01"} | J353: =IF(OR(I354="]", I353="[", I353="]"), "", ",") -> ,
A354: ='EN60'!A$3 -> EN60 | B354: =B353 -> 15 | C354: =C353+1 -> 65 | D354: =IF(C354+B354=80,0,8) -> 0 | E354: A | F354: =IF(C354>7, 800, C354*100) -> 800 | G354: =G353 -> 1.01 | H354: ="INSERT INTO public.coupon ("&A$11&", "&B$11&", """&C$11&""", "&D$11&", "&E$11&", "&F$11&", "&G$11&") VALUES('"&A354&"', "&B354&", "&C354&", "&D354&", '"&E354&"',"&F354&", "&G354&");" -> INSERT INTO public.coupon (plancode, age, "year", couponrate, benefittype, benefitrate, premiumrate) VALUES('EN60', 15, 65, 0, 'A',800, 1.01); | I354: ="{""age"":"""&B354&""", ""year"":"""&C354&""", ""couponrate"":"""&D354&""", ""benefittype"":"""&E354&""", ""benefitrate"":"""&F354&""", """&G$11&""":"""&G354&"""}" -> {"age":"15", "year":"65", "couponrate":"0", "benefittype":"A", "benefitrate":"800", "premiumrate":"1.01"}
I355: ]}]
A356: plancode | B356: age | C356: year | D356: couponrate | E356: benefittype | F356: benefitrate | G356: premiumrate | I356: ="[{""plancode"":"""&A357&""",""returncash"":"""&B$7&""",""ytable"":"""&C$7&""",""maturerate"":"""&B$3&""",""maturepmrate"":"""&C$3&""",""coupon"":[" -> [{"plancode":"EN60","returncash":"1","ytable":"Y","maturerate":"808","maturepmrate":"1.01","coupon":[
A357: ='EN60'!A$3 -> EN60 | B357: 16 | C357: 1 | D357: =IF(C357+B357=80,0,8) -> 8 | E357: A | F357: =IF(C357>7, 800, C357*100) -> 100 | G357: ='EN60'!C$3 -> 1.01 | H357: ="INSERT INTO public.coupon ("&A$11&", "&B$11&", """&C$11&""", "&D$11&", "&E$11&", "&F$11&", "&G$11&") VALUES('"&A357&"', "&B357&", "&C357&", "&D357&", '"&E357&"',"&F357&", "&G357&");" -> INSERT INTO public.coupon (plancode, age, "year", couponrate, benefittype, benefitrate, premiumrate) VALUES('EN60', 16, 1, 8, 'A',100, 1.01); | I357: ="{""age"":"""&B357&""", ""year"":"""&C357&""", ""couponrate"":"""&D357&""", ""benefittype"":"""&E357&""", ""benefitrate"":"""&F357&""", """&G$11&""":"""&G357&"""}" -> {"age":"16", "year":"1", "couponrate":"8", "benefittype":"A", "benefitrate":"100", "premiumrate":"1.01"} | J357: =IF(OR(I358="]", I357="[", I357="]"), "", ",") -> ,
A358: ='EN60'!A$3 -> EN60 | B358: =B357 -> 16 | C358: =C357+1 -> 2 | D358: =IF(C358+B358=80,0,8) -> 8 | E358: A | F358: =IF(C358>7, 800, C358*100) -> 200 | G358: =G357 -> 1.01 | H358: ="INSERT INTO public.coupon ("&A$11&", "&B$11&", """&C$11&""", "&D$11&", "&E$11&", "&F$11&", "&G$11&") VALUES('"&A358&"', "&B358&", "&C358&", "&D358&", '"&E358&"',"&F358&", "&G358&");" -> INSERT INTO public.coupon (plancode, age, "year", couponrate, benefittype, benefitrate, premiumrate) VALUES('EN60', 16, 2, 8, 'A',200, 1.01); | I358: ="{""age"":"""&B358&""", ""year"":"""&C358&""", ""couponrate"":"""&D358&""", ""benefittype"":"""&E358&""", ""benefitrate"":"""&F358&""", """&G$11&""":"""&G358&"""}" -> {"age":"16", "year":"2", "couponrate":"8", "benefittype":"A", "benefitrate":"200", "premiumrate":"1.01"} | J358: =IF(OR(I359="]", I358="[", I358="]"), "", ",") -> ,
A359: ='EN60'!A$3 -> EN60 | B359: =B358 -> 16 | C359: =C358+1 -> 3 | D359: =IF(C359+B359=80,0,8) -> 8 | E359: A | F359: =IF(C359>7, 800, C359*100) -> 300 | G359: =G358 -> 1.01 | H359: ="INSERT INTO public.coupon ("&A$11&", "&B$11&", """&C$11&""", "&D$11&", "&E$11&", "&F$11&", "&G$11&") VALUES('"&A359&"', "&B359&", "&C359&", "&D359&", '"&E359&"',"&F359&", "&G359&");" -> INSERT INTO public.coupon (plancode, age, "year", couponrate, benefittype, benefitrate, premiumrate) VALUES('EN60', 16, 3, 8, 'A',300, 1.01); | I359: ="{""age"":"""&B359&""", ""year"":"""&C359&""", ""couponrate"":"""&D359&""", ""benefittype"":"""&E359&""", ""benefitrate"":"""&F359&""", """&G$11&""":"""&G359&"""}" -> {"age":"16", "year":"3", "couponrate":"8", "benefittype":"A", "benefitrate":"300", "premiumrate":"1.01"} | J359: =IF(OR(I360="]", I359="[", I359="]"), "", ",") -> ,
A360: ='EN60'!A$3 -> EN60 | B360: =B359 -> 16 | C360: =C359+1 -> 4 | D360: =IF(C360+B360=80,0,8) -> 8 | E360: A | F360: =IF(C360>7, 800, C360*100) -> 400 | G360: =G359 -> 1.01 | H360: ="INSERT INTO public.coupon ("&A$11&", "&B$11&", """&C$11&""", "&D$11&", "&E$11&", "&F$11&", "&G$11&") VALUES('"&A360&"', "&B360&", "&C360&", "&D360&", '"&E360&"',"&F360&", "&G360&");" -> INSERT INTO public.coupon (plancode, age, "year", couponrate, benefittype, benefitrate, premiumrate) VALUES('EN60', 16, 4, 8, 'A',400, 1.01); | I360: ="{""age"":"""&B360&""", ""year"":"""&C360&""", ""couponrate"":"""&D360&""", ""benefittype"":"""&E360&""", ""benefitrate"":"""&F360&""", """&G$11&""":"""&G360&"""}" -> {"age":"16", "year":"4", "couponrate":"8", "benefittype":"A", "benefitrate":"400", "premiumrate":"1.01"} | J360: =IF(OR(I361="]", I360="[", I360="]"), "", ",") -> ,
A361: ='EN60'!A$3 -> EN60 | B361: =B360 -> 16 | C361: =C360+1 -> 5 | D361: =IF(C361+B361=80,0,8) -> 8 | E361: A | F361: =IF(C361>7, 800, C361*100) -> 500 | G361: =G360 -> 1.01 | H361: ="INSERT INTO public.coupon ("&A$11&", "&B$11&", """&C$11&""", "&D$11&", "&E$11&", "&F$11&", "&G$11&") VALUES('"&A361&"', "&B361&", "&C361&", "&D361&", '"&E361&"',"&F361&", "&G361&");" -> INSERT INTO public.coupon (plancode, age, "year", couponrate, benefittype, benefitrate, premiumrate) VALUES('EN60', 16, 5, 8, 'A',500, 1.01); | I361: ="{""age"":"""&B361&""", ""year"":"""&C361&""", ""couponrate"":"""&D361&""", ""benefittype"":"""&E361&""", ""benefitrate"":"""&F361&""", """&G$11&""":"""&G361&"""}" -> {"age":"16", "year":"5", "couponrate":"8", "benefittype":"A", "benefitrate":"500", "premiumrate":"1.01"} | J361: =IF(OR(I362="]", I361="[", I361="]"), "", ",") -> ,
...

Sheet เงินคืน EN60(age 16-45)
A1: MatureTable | E1: 1.005 ครบสัญญา
A2: plancode | B2: maturerate | C2: premiumrate | E2: 1.005 มรณกรรม
A3: ='EN60'!A$3 -> EN60 | B3: ='EN60'!B$3 -> 808 | C3: ='EN60'!C$3 -> 1.01 | E3: ="INSERT INTO public.maturetable (plancode, maturerate, premiumrate) VALUES('"&A3&"', "&B3&", "&C3&");" -> INSERT INTO public.maturetable (plancode, maturerate, premiumrate) VALUES('EN60', 808, 1.01);
A5: coupontable | E5: ="INSERT INTO public.coupontable (id, returncash, ytable) VALUES('"&A7&"', "&B7&", '"&C7&"');" -> INSERT INTO public.coupontable (id, returncash, ytable) VALUES('EN60', 1, 'Y'); | I5: benefittype
A6: id | B6: returncash | C6: ytable | E6: returncash | F6: 0 | H6: ไม่มีเงินปันผล | I6: V = เอาเงินเวรคืนมาเป็นผลประโยชน์กรณีเสียชีวิต
A7: =A$3 -> EN60 | B7: ='EN60'!B$7 -> 1 | C7: ='EN60'!C$7 -> Y | F7: 1 | H7: มีเงินปันผล | I7: S = Max(เวรคืน, ผลประโยชน์กรณีเสียชีวิต)
E8: ytable | F8: N | H8: fix ปี ไม่ search ด้วยอายุ | I8: A = Max(เวรคืน, ผลประโยชน์กรณีเสียชีวิต, 1.005เท่าของเบี้ยที่จ่าย)
F9: Y | H9: ต้องส่งอายุไป search ด้วย | I9: อื่นๆ = แสดงผลประโยชน์กรณีเสียชีวิต
A10: coupon
A11: plancode | B11: age | C11: year | D11: couponrate | E11: benefittype | F11: benefitrate | G11: premiumrate | I11: ="[{""plancode"":"""&A12&""",""returncash"":"""&B$7&""",""ytable"":"""&C$7&""",""maturerate"":"""&B$3&""",""maturepmrate"":"""&C$3&""",""coupon"":[" -> [{"plancode":"EN60","returncash":"1","ytable":"Y","maturerate":"808","maturepmrate":"1.01","coupon":[
A12: ='EN60'!A$3 -> EN60 | B12: 26 | C12: 1 | D12: =IF(C12+B12=80,0,8) -> 8 | E12: A | F12: =IF(C12>7, 800, C12*100) -> 100 | G12: ='EN60'!C$3 -> 1.01 | H12: ="INSERT INTO public.coupon ("&A$11&", "&B$11&", """&C$11&""", "&D$11&", "&E$11&", "&F$11&", "&G$11&") VALUES('"&A12&"', "&B12&", "&C12&", "&D12&", '"&E12&"',"&F12&", "&G12&");" -> INSERT INTO public.coupon (plancode, age, "year", couponrate, benefittype, benefitrate, premiumrate) VALUES('EN60', 26, 1, 8, 'A',100, 1.01); | I12: ="{""age"":"""&B12&""", ""year"":"""&C12&""", ""couponrate"":"""&D12&""", ""benefittype"":"""&E12&""", ""benefitrate"":"""&F12&""", """&G$11&""":"""&G12&"""}" -> {"age":"26", "year":"1", "couponrate":"8", "benefittype":"A", "benefitrate":"100", "premiumrate":"1.01"} | J12: =IF(OR(I13="]", I12="[", I12="]"), "", ",") -> ,
A13: ='EN60'!A$3 -> EN60 | B13: =B12 -> 26 | C13: =C12+1 -> 2 | D13: =IF(C13+B13=80,0,8) -> 8 | E13: A | F13: =IF(C13>7, 800, C13*100) -> 200 | G13: =G12 -> 1.01 | H13: ="INSERT INTO public.coupon ("&A$11&", "&B$11&", """&C$11&""", "&D$11&", "&E$11&", "&F$11&", "&G$11&") VALUES('"&A13&"', "&B13&", "&C13&", "&D13&", '"&E13&"',"&F13&", "&G13&");" -> INSERT INTO public.coupon (plancode, age, "year", couponrate, benefittype, benefitrate, premiumrate) VALUES('EN60', 26, 2, 8, 'A',200, 1.01); | I13: ="{""age"":"""&B13&""", ""year"":"""&C13&""", ""couponrate"":"""&D13&""", ""benefittype"":"""&E13&""", ""benefitrate"":"""&F13&""", """&G$11&""":"""&G13&"""}" -> {"age":"26", "year":"2", "couponrate":"8", "benefittype":"A", "benefitrate":"200", "premiumrate":"1.01"} | J13: =IF(OR(I14="]", I13="[", I13="]"), "", ",") -> ,
A14: ='EN60'!A$3 -> EN60 | B14: =B13 -> 26 | C14: =C13+1 -> 3 | D14: =IF(C14+B14=80,0,8) -> 8 | E14: A | F14: =IF(C14>7, 800, C14*100) -> 300 | G14: =G13 -> 1.01 | H14: ="INSERT INTO public.coupon ("&A$11&", "&B$11&", """&C$11&""", "&D$11&", "&E$11&", "&F$11&", "&G$11&") VALUES('"&A14&"', "&B14&", "&C14&", "&D14&", '"&E14&"',"&F14&", "&G14&");" -> INSERT INTO public.coupon (plancode, age, "year", couponrate, benefittype, benefitrate, premiumrate) VALUES('EN60', 26, 3, 8, 'A',300, 1.01); | I14: ="{""age"":"""&B14&""", ""year"":"""&C14&""", ""couponrate"":"""&D14&""", ""benefittype"":"""&E14&""", ""benefitrate"":"""&F14&""", """&G$11&""":"""&G14&"""}" -> {"age":"26", "year":"3", "couponrate":"8", "benefittype":"A", "benefitrate":"300", "premiumrate":"1.01"} | J14: =IF(OR(I15="]", I14="[", I14="]"), "", ",") -> ,
A15: ='EN60'!A$3 -> EN60 | B15: =B14 -> 26 | C15: =C14+1 -> 4 | D15: =IF(C15+B15=80,0,8) -> 8 | E15: A | F15: =IF(C15>7, 800, C15*100) -> 400 | G15: =G14 -> 1.01 | H15: ="INSERT INTO public.coupon ("&A$11&", "&B$11&", """&C$11&""", "&D$11&", "&E$11&", "&F$11&", "&G$11&") VALUES('"&A15&"', "&B15&", "&C15&", "&D15&", '"&E15&"',"&F15&", "&G15&");" -> INSERT INTO public.coupon (plancode, age, "year", couponrate, benefittype, benefitrate, premiumrate) VALUES('EN60', 26, 4, 8, 'A',400, 1.01); | I15: ="{""age"":"""&B15&""", ""year"":"""&C15&""", ""couponrate"":"""&D15&""", ""benefittype"":"""&E15&""", ""benefitrate"":"""&F15&""", """&G$11&""":"""&G15&"""}" -> {"age":"26", "year":"4", "couponrate":"8", "benefittype":"A", "benefitrate":"400", "premiumrate":"1.01"} | J15: =IF(OR(I16="]", I15="[", I15="]"), "", ",") -> ,
A16: ='EN60'!A$3 -> EN60 | B16: =B15 -> 26 | C16: =C15+1 -> 5 | D16: =IF(C16+B16=80,0,8) -> 8 | E16: A | F16: =IF(C16>7, 800, C16*100) -> 500 | G16: =G15 -> 1.01 | H16: ="INSERT INTO public.coupon ("&A$11&", "&B$11&", """&C$11&""", "&D$11&", "&E$11&", "&F$11&", "&G$11&") VALUES('"&A16&"', "&B16&", "&C16&", "&D16&", '"&E16&"',"&F16&", "&G16&");" -> INSERT INTO public.coupon (plancode, age, "year", couponrate, benefittype, benefitrate, premiumrate) VALUES('EN60', 26, 5, 8, 'A',500, 1.01); | I16: ="{""age"":"""&B16&""", ""year"":"""&C16&""", ""couponrate"":"""&D16&""", ""benefittype"":"""&E16&""", ""benefitrate"":"""&F16&""", """&G$11&""":"""&G16&"""}" -> {"age":"26", "year":"5", "couponrate":"8", "benefittype":"A", "benefitrate":"500", "premiumrate":"1.01"} | J16: =IF(OR(I17="]", I16="[", I16="]"), "", ",") -> ,
A17: ='EN60'!A$3 -> EN60 | B17: =B16 -> 26 | C17: =C16+1 -> 6 | D17: =IF(C17+B17=80,0,8) -> 8 | E17: A | F17: =IF(C17>7, 800, C17*100) -> 600 | G17: =G16 -> 1.01 | H17: ="INSERT INTO public.coupon ("&A$11&", "&B$11&", """&C$11&""", "&D$11&", "&E$11&", "&F$11&", "&G$11&") VALUES('"&A17&"', "&B17&", "&C17&", "&D17&", '"&E17&"',"&F17&", "&G17&");" -> INSERT INTO public.coupon (plancode, age, "year", couponrate, benefittype, benefitrate, premiumrate) VALUES('EN60', 26, 6, 8, 'A',600, 1.01); | I17: ="{""age"":"""&B17&""", ""year"":"""&C17&""", ""couponrate"":"""&D17&""", ""benefittype"":"""&E17&""", ""benefitrate"":"""&F17&""", """&G$11&""":"""&G17&"""}" -> {"age":"26", "year":"6", "couponrate":"8", "benefittype":"A", "benefitrate":"600", "premiumrate":"1.01"} | J17: =IF(OR(I18="]", I17="[", I17="]"), "", ",") -> ,
A18: ='EN60'!A$3 -> EN60 | B18: =B17 -> 26 | C18: =C17+1 -> 7 | D18: =IF(C18+B18=80,0,8) -> 8 | E18: A | F18: =IF(C18>7, 800, C18*100) -> 700 | G18: =G17 -> 1.01 | H18: ="INSERT INTO public.coupon ("&A$11&", "&B$11&", """&C$11&""", "&D$11&", "&E$11&", "&F$11&", "&G$11&") VALUES('"&A18&"', "&B18&", "&C18&", "&D18&", '"&E18&"',"&F18&", "&G18&");" -> INSERT INTO public.coupon (plancode, age, "year", couponrate, benefittype, benefitrate, premiumrate) VALUES('EN60', 26, 7, 8, 'A',700, 1.01); | I18: ="{""age"":"""&B18&""", ""year"":"""&C18&""", ""couponrate"":"""&D18&""", ""benefittype"":"""&E18&""", ""benefitrate"":"""&F18&""", """&G$11&""":"""&G18&"""}" -> {"age":"26", "year":"7", "couponrate":"8", "benefittype":"A", "benefitrate":"700", "premiumrate":"1.01"} | J18: =IF(OR(I19="]", I18="[", I18="]"), "", ",") -> ,
A19: ='EN60'!A$3 -> EN60 | B19: =B18 -> 26 | C19: =C18+1 -> 8 | D19: =IF(C19+B19=80,0,8) -> 8 | E19: A | F19: =IF(C19>7, 800, C19*100) -> 800 | G19: =G18 -> 1.01 | H19: ="INSERT INTO public.coupon ("&A$11&", "&B$11&", """&C$11&""", "&D$11&", "&E$11&", "&F$11&", "&G$11&") VALUES('"&A19&"', "&B19&", "&C19&", "&D19&", '"&E19&"',"&F19&", "&G19&");" -> INSERT INTO public.coupon (plancode, age, "year", couponrate, benefittype, benefitrate, premiumrate) VALUES('EN60', 26, 8, 8, 'A',800, 1.01); | I19: ="{""age"":"""&B19&""", ""year"":"""&C19&""", ""couponrate"":"""&D19&""", ""benefittype"":"""&E19&""", ""benefitrate"":"""&F19&""", """&G$11&""":"""&G19&"""}" -> {"age":"26", "year":"8", "couponrate":"8", "benefittype":"A", "benefitrate":"800", "premiumrate":"1.01"} | J19: =IF(OR(I20="]", I19="[", I19="]"), "", ",") -> ,
A20: ='EN60'!A$3 -> EN60 | B20: =B19 -> 26 | C20: =C19+1 -> 9 | D20: =IF(C20+B20=80,0,8) -> 8 | E20: A | F20: =IF(C20>7, 800, C20*100) -> 800 | G20: =G19 -> 1.01 | H20: ="INSERT INTO public.coupon ("&A$11&", "&B$11&", """&C$11&""", "&D$11&", "&E$11&", "&F$11&", "&G$11&") VALUES('"&A20&"', "&B20&", "&C20&", "&D20&", '"&E20&"',"&F20&", "&G20&");" -> INSERT INTO public.coupon (plancode, age, "year", couponrate, benefittype, benefitrate, premiumrate) VALUES('EN60', 26, 9, 8, 'A',800, 1.01); | I20: ="{""age"":"""&B20&""", ""year"":"""&C20&""", ""couponrate"":"""&D20&""", ""benefittype"":"""&E20&""", ""benefitrate"":"""&F20&""", """&G$11&""":"""&G20&"""}" -> {"age":"26", "year":"9", "couponrate":"8", "benefittype":"A", "benefitrate":"800", "premiumrate":"1.01"} | J20: =IF(OR(I21="]", I20="[", I20="]"), "", ",") -> ,
A21: ='EN60'!A$3 -> EN60 | B21: =B20 -> 26 | C21: =C20+1 -> 10 | D21: =IF(C21+B21=80,0,8) -> 8 | E21: A | F21: =IF(C21>7, 800, C21*100) -> 800 | G21: =G20 -> 1.01 | H21: ="INSERT INTO public.coupon ("&A$11&", "&B$11&", """&C$11&""", "&D$11&", "&E$11&", "&F$11&", "&G$11&") VALUES('"&A21&"', "&B21&", "&C21&", "&D21&", '"&E21&"',"&F21&", "&G21&");" -> INSERT INTO public.coupon (plancode, age, "year", couponrate, benefittype, benefitrate, premiumrate) VALUES('EN60', 26, 10, 8, 'A',800, 1.01); | I21: ="{""age"":"""&B21&""", ""year"":"""&C21&""", ""couponrate"":"""&D21&""", ""benefittype"":"""&E21&""", ""benefitrate"":"""&F21&""", """&G$11&""":"""&G21&"""}" -> {"age":"26", "year":"10", "couponrate":"8", "benefittype":"A", "benefitrate":"800", "premiumrate":"1.01"} | J21: =IF(OR(I22="]", I21="[", I21="]"), "", ",") -> ,
A22: ='EN60'!A$3 -> EN60 | B22: =B21 -> 26 | C22: =C21+1 -> 11 | D22: =IF(C22+B22=80,0,8) -> 8 | E22: A | F22: =IF(C22>7, 800, C22*100) -> 800 | G22: =G21 -> 1.01 | H22: ="INSERT INTO public.coupon ("&A$11&", "&B$11&", """&C$11&""", "&D$11&", "&E$11&", "&F$11&", "&G$11&") VALUES('"&A22&"', "&B22&", "&C22&", "&D22&", '"&E22&"',"&F22&", "&G22&");" -> INSERT INTO public.coupon (plancode, age, "year", couponrate, benefittype, benefitrate, premiumrate) VALUES('EN60', 26, 11, 8, 'A',800, 1.01); | I22: ="{""age"":"""&B22&""", ""year"":"""&C22&""", ""couponrate"":"""&D22&""", ""benefittype"":"""&E22&""", ""benefitrate"":"""&F22&""", """&G$11&""":"""&G22&"""}" -> {"age":"26", "year":"11", "couponrate":"8", "benefittype":"A", "benefitrate":"800", "premiumrate":"1.01"} | J22: =IF(OR(I23="]", I22="[", I22="]"), "", ",") -> ,
A23: ='EN60'!A$3 -> EN60 | B23: =B22 -> 26 | C23: =C22+1 -> 12 | D23: =IF(C23+B23=80,0,8) -> 8 | E23: A | F23: =IF(C23>7, 800, C23*100) -> 800 | G23: =G22 -> 1.01 | H23: ="INSERT INTO public.coupon ("&A$11&", "&B$11&", """&C$11&""", "&D$11&", "&E$11&", "&F$11&", "&G$11&") VALUES('"&A23&"', "&B23&", "&C23&", "&D23&", '"&E23&"',"&F23&", "&G23&");" -> INSERT INTO public.coupon (plancode, age, "year", couponrate, benefittype, benefitrate, premiumrate) VALUES('EN60', 26, 12, 8, 'A',800, 1.01); | I23: ="{""age"":"""&B23&""", ""year"":"""&C23&""", ""couponrate"":"""&D23&""", ""benefittype"":"""&E23&""", ""benefitrate"":"""&F23&""", """&G$11&""":"""&G23&"""}" -> {"age":"26", "year":"12", "couponrate":"8", "benefittype":"A", "benefitrate":"800", "premiumrate":"1.01"} | J23: =IF(OR(I24="]", I23="[", I23="]"), "", ",") -> ,
A24: ='EN60'!A$3 -> EN60 | B24: =B23 -> 26 | C24: =C23+1 -> 13 | D24: =IF(C24+B24=80,0,8) -> 8 | E24: A | F24: =IF(C24>7, 800, C24*100) -> 800 | G24: =G23 -> 1.01 | H24: ="INSERT INTO public.coupon ("&A$11&", "&B$11&", """&C$11&""", "&D$11&", "&E$11&", "&F$11&", "&G$11&") VALUES('"&A24&"', "&B24&", "&C24&", "&D24&", '"&E24&"',"&F24&", "&G24&");" -> INSERT INTO public.coupon (plancode, age, "year", couponrate, benefittype, benefitrate, premiumrate) VALUES('EN60', 26, 13, 8, 'A',800, 1.01); | I24: ="{""age"":"""&B24&""", ""year"":"""&C24&""", ""couponrate"":"""&D24&""", ""benefittype"":"""&E24&""", ""benefitrate"":"""&F24&""", """&G$11&""":"""&G24&"""}" -> {"age":"26", "year":"13", "couponrate":"8", "benefittype":"A", "benefitrate":"800", "premiumrate":"1.01"} | J24: =IF(OR(I25="]", I24="[", I24="]"), "", ",") -> ,
... A64: ='EN60'!A$3 -> EN60 | B64: =B63 -> 26 | C64: =C63+1 -> 53 | D64: =IF(C64+B64=80,0,8) -> 8 | E64: A | F64: =IF(C64>7, 800, C64*100) -> 800 | G64: =G63 -> 1.01 | H64: ="INSERT INTO public.coupon ("&A$11&", "&B$11&", """&C$11&""", "&D$11&", "&E$11&", "&F$11&", "&G$11&") VALUES('"&A64&"', "&B64&", "&C64&", "&D64&", '"&E64&"',"&F64&", "&G64&");" -> INSERT INTO public.coupon (plancode, age, "year", couponrate, benefittype, benefitrate, premiumrate) VALUES('EN60', 26, 53, 8, 'A',800, 1.01); | I64: ="{""age"":"""&B64&""", ""year"":"""&C64&""", ""couponrate"":"""&D64&""", ""benefittype"":"""&E64&""", ""benefitrate"":"""&F64&""", """&G$11&""":"""&G64&"""}" -> {"age":"26", "year":"53", "couponrate":"8", "benefittype":"A", "benefitrate":"800", "premiumrate":"1.01"} | J64: =IF(OR(I65="]", I64="[", I64="]"), "", ",") -> ,
A65: ='EN60'!A$3 -> EN60 | B65: =B64 -> 26 | C65: =C64+1 -> 54 | D65: =IF(C65+B65=80,0,8) -> 0 | E65: A | F65: =IF(C65>7, 800, C65*100) -> 800 | G65: =G64 -> 1.01 | H65: ="INSERT INTO public.coupon ("&A$11&", "&B$11&", """&C$11&""", "&D$11&", "&E$11&", "&F$11&", "&G$11&") VALUES('"&A65&"', "&B65&", "&C65&", "&D65&", '"&E65&"',"&F65&", "&G65&");" -> INSERT INTO public.coupon (plancode, age, "year", couponrate, benefittype, benefitrate, premiumrate) VALUES('EN60', 26, 54, 0, 'A',800, 1.01); | I65: ="{""age"":"""&B65&""", ""year"":"""&C65&""", ""couponrate"":"""&D65&""", ""benefittype"":"""&E65&""", ""benefitrate"":"""&F65&""", """&G$11&""":"""&G65&"""}" -> {"age":"26", "year":"54", "couponrate":"0", "benefittype":"A", "benefitrate":"800", "premiumrate":"1.01"}
I66: ]}]
A67: plancode | B67: age | C67: year | D67: couponrate | E67: benefittype | F67: benefitrate | G67: premiumrate | I67: ="[{""plancode"":"""&A68&""",""returncash"":"""&B$7&""",""ytable"":"""&C$7&""",""maturerate"":"""&B$3&""",""maturepmrate"":"""&C$3&""",""coupon"":[" -> [{"plancode":"EN60","returncash":"1","ytable":"Y","maturerate":"808","maturepmrate":"1.01","coupon":[
A68: ='EN60'!A$3 -> EN60 | B68: 27 | C68: 1 | D68: =IF(C68+B68=80,0,8) -> 8 | E68: A | F68: =IF(C68>7, 800, C68*100) -> 100 | G68: ='EN60'!C$3 -> 1.01 | H68: ="INSERT INTO public.coupon ("&A$11&", "&B$11&", """&C$11&""", "&D$11&", "&E$11&", "&F$11&", "&G$11&") VALUES('"&A68&"', "&B68&", "&C68&", "&D68&", '"&E68&"',"&F68&", "&G68&");" -> INSERT INTO public.coupon (plancode, age, "year", couponrate, benefittype, benefitrate, premiumrate) VALUES('EN60', 27, 1, 8, 'A',100, 1.01); | I68: ="{""age"":"""&B68&""", ""year"":"""&C68&""", ""couponrate"":"""&D68&""", ""benefittype"":"""&E68&""", ""benefitrate"":"""&F68&""", """&G$11&""":"""&G68&"""}" -> {"age":"27", "year":"1", "couponrate":"8", "benefittype":"A", "benefitrate":"100", "premiumrate":"1.01"} | J68: =IF(OR(I69="]", I68="[", I68="]"), "", ",") -> ,
A69: ='EN60'!A$3 -> EN60 | B69: =B68 -> 27 | C69: =C68+1 -> 2 | D69: =IF(C69+B69=80,0,8) -> 8 | E69: A | F69: =IF(C69>7, 800, C69*100) -> 200 | G69: =G68 -> 1.01 | H69: ="INSERT INTO public.coupon ("&A$11&", "&B$11&", """&C$11&""", "&D$11&", "&E$11&", "&F$11&", "&G$11&") VALUES('"&A69&"', "&B69&", "&C69&", "&D69&", '"&E69&"',"&F69&", "&G69&");" -> INSERT INTO public.coupon (plancode, age, "year", couponrate, benefittype, benefitrate, premiumrate) VALUES('EN60', 27, 2, 8, 'A',200, 1.01); | I69: ="{""age"":"""&B69&""", ""year"":"""&C69&""", ""couponrate"":"""&D69&""", ""benefittype"":"""&E69&""", ""benefitrate"":"""&F69&""", """&G$11&""":"""&G69&"""}" -> {"age":"27", "year":"2", "couponrate":"8", "benefittype":"A", "benefitrate":"200", "premiumrate":"1.01"} | J69: =IF(OR(I70="]", I69="[", I69="]"), "", ",") -> ,
A70: ='EN60'!A$3 -> EN60 | B70: =B69 -> 27 | C70: =C69+1 -> 3 | D70: =IF(C70+B70=80,0,8) -> 8 | E70: A | F70: =IF(C70>7, 800, C70*100) -> 300 | G70: =G69 -> 1.01 | H70: ="INSERT INTO public.coupon ("&A$11&", "&B$11&", """&C$11&""", "&D$11&", "&E$11&", "&F$11&", "&G$11&") VALUES('"&A70&"', "&B70&", "&C70&", "&D70&", '"&E70&"',"&F70&", "&G70&");" -> INSERT INTO public.coupon (plancode, age, "year", couponrate, benefittype, benefitrate, premiumrate) VALUES('EN60', 27, 3, 8, 'A',300, 1.01); | I70: ="{""age"":"""&B70&""", ""year"":"""&C70&""", ""couponrate"":"""&D70&""", ""benefittype"":"""&E70&""", ""benefitrate"":"""&F70&""", """&G$11&""":"""&G70&"""}" -> {"age":"27", "year":"3", "couponrate":"8", "benefittype":"A", "benefitrate":"300", "premiumrate":"1.01"} | J70: =IF(OR(I71="]", I70="[", I70="]"), "", ",") -> ,
A71: ='EN60'!A$3 -> EN60 | B71: =B70 -> 27 | C71: =C70+1 -> 4 | D71: =IF(C71+B71=80,0,8) -> 8 | E71: A | F71: =IF(C71>7, 800, C71*100) -> 400 | G71: =G70 -> 1.01 | H71: ="INSERT INTO public.coupon ("&A$11&", "&B$11&", """&C$11&""", "&D$11&", "&E$11&", "&F$11&", "&G$11&") VALUES('"&A71&"', "&B71&", "&C71&", "&D71&", '"&E71&"',"&F71&", "&G71&");" -> INSERT INTO public.coupon (plancode, age, "year", couponrate, benefittype, benefitrate, premiumrate) VALUES('EN60', 27, 4, 8, 'A',400, 1.01); | I71: ="{""age"":"""&B71&""", ""year"":"""&C71&""", ""couponrate"":"""&D71&""", ""benefittype"":"""&E71&""", ""benefitrate"":"""&F71&""", """&G$11&""":"""&G71&"""}" -> {"age":"27", "year":"4", "couponrate":"8", "benefittype":"A", "benefitrate":"400", "premiumrate":"1.01"} | J71: =IF(OR(I72="]", I71="[", I71="]"), "", ",") -> ,
A72: ='EN60'!A$3 -> EN60 | B72: =B71 -> 27 | C72: =C71+1 -> 5 | D72: =IF(C72+B72=80,0,8) -> 8 | E72: A | F72: =IF(C72>7, 800, C72*100) -> 500 | G72: =G71 -> 1.01 | H72: ="INSERT INTO public.coupon ("&A$11&", "&B$11&", """&C$11&""", "&D$11&", "&E$11&", "&F$11&", "&G$11&") VALUES('"&A72&"', "&B72&", "&C72&", "&D72&", '"&E72&"',"&F72&", "&G72&");" -> INSERT INTO public.coupon (plancode, age, "year", couponrate, benefittype, benefitrate, premiumrate) VALUES('EN60', 27, 5, 8, 'A',500, 1.01); | I72: ="{""age"":"""&B72&""", ""year"":"""&C72&""", ""couponrate"":"""&D72&""", ""benefittype"":"""&E72&""", ""benefitrate"":"""&F72&""", """&G$11&""":"""&G72&"""}" -> {"age":"27", "year":"5", "couponrate":"8", "benefittype":"A", "benefitrate":"500", "premiumrate":"1.01"} | J72: =IF(OR(I73="]", I72="[", I72="]"), "", ",") -> ,
A73: ='EN60'!A$3 -> EN60 | B73: =B72 -> 27 | C73: =C72+1 -> 6 | D73: =IF(C73+B73=80,0,8) -> 8 | E73: A | F73: =IF(C73>7, 800, C73*100) -> 600 | G73: =G72 -> 1.01 | H73: ="INSERT INTO public.coupon ("&A$11&", "&B$11&", """&C$11&""", "&D$11&", "&E$11&", "&F$11&", "&G$11&") VALUES('"&A73&"', "&B73&", "&C73&", "&D73&", '"&E73&"',"&F73&", "&G73&");" -> INSERT INTO public.coupon (plancode, age, "year", couponrate, benefittype, benefitrate, premiumrate) VALUES('EN60', 27, 6, 8, 'A',600, 1.01); | I73: ="{""age"":"""&B73&""", ""year"":"""&C73&""", ""couponrate"":"""&D73&""", ""benefittype"":"""&E73&""", ""benefitrate"":"""&F73&""", """&G$11&""":"""&G73&"""}" -> {"age":"27", "year":"6", "couponrate":"8", "benefittype":"A", "benefitrate":"600", "premiumrate":"1.01"} | J73: =IF(OR(I74="]", I73="[", I73="]"), "", ",") -> ,
A74: ='EN60'!A$3 -> EN60 | B74: =B73 -> 27 | C74: =C73+1 -> 7 | D74: =IF(C74+B74=80,0,8) -> 8 | E74: A | F74: =IF(C74>7, 800, C74*100) -> 700 | G74: =G73 -> 1.01 | H74: ="INSERT INTO public.coupon ("&A$11&", "&B$11&", """&C$11&""", "&D$11&", "&E$11&", "&F$11&", "&G$11&") VALUES('"&A74&"', "&B74&", "&C74&", "&D74&", '"&E74&"',"&F74&", "&G74&");" -> INSERT INTO public.coupon (plancode, age, "year", couponrate, benefittype, benefitrate, premiumrate) VALUES('EN60', 27, 7, 8, 'A',700, 1.01); | I74: ="{""age"":"""&B74&""", ""year"":"""&C74&""", ""couponrate"":"""&D74&""", ""benefittype"":"""&E74&""", ""benefitrate"":"""&F74&""", """&G$11&""":"""&G74&"""}" -> {"age":"27", "year":"7", "couponrate":"8", "benefittype":"A", "benefitrate":"700", "premiumrate":"1.01"} | J74: =IF(OR(I75="]", I74="[", I74="]"), "", ",") -> ,
A75: ='EN60'!A$3 -> EN60 | B75: =B74 -> 27 | C75: =C74+1 -> 8 | D75: =IF(C75+B75=80,0,8) -> 8 | E75: A | F75: =IF(C75>7, 800, C75*100) -> 800 | G75: =G74 -> 1.01 | H75: ="INSERT INTO public.coupon ("&A$11&", "&B$11&", """&C$11&""", "&D$11&", "&E$11&", "&F$11&", "&G$11&") VALUES('"&A75&"', "&B75&", "&C75&", "&D75&", '"&E75&"',"&F75&", "&G75&");" -> INSERT INTO public.coupon (plancode, age, "year", couponrate, benefittype, benefitrate, premiumrate) VALUES('EN60', 27, 8, 8, 'A',800, 1.01); | I75: ="{""age"":"""&B75&""", ""year"":"""&C75&""", ""couponrate"":"""&D75&""", ""benefittype"":"""&E75&""", ""benefitrate"":"""&F75&""", """&G$11&""":"""&G75&"""}" -> {"age":"27", "year":"8", "couponrate":"8", "benefittype":"A", "benefitrate":"800", "premiumrate":"1.01"} | J75: =IF(OR(I76="]", I75="[", I75="]"), "", ",") -> ,
A76: ='EN60'!A$3 -> EN60 | B76: =B75 -> 27 | C76: =C75+1 -> 9 | D76: =IF(C76+B76=80,0,8) -> 8 | E76: A | F76: =IF(C76>7, 800, C76*100) -> 800 | G76: =G75 -> 1.01 | H76: ="INSERT INTO public.coupon ("&A$11&", "&B$11&", """&C$11&""", "&D$11&", "&E$11&", "&F$11&", "&G$11&") VALUES('"&A76&"', "&B76&", "&C76&", "&D76&", '"&E76&"',"&F76&", "&G76&");" -> INSERT INTO public.coupon (plancode, age, "year", couponrate, benefittype, benefitrate, premiumrate) VALUES('EN60', 27, 9, 8, 'A',800, 1.01); | I76: ="{""age"":"""&B76&""", ""year"":"""&C76&""", ""couponrate"":"""&D76&""", ""benefittype"":"""&E76&""", ""benefitrate"":"""&F76&""", """&G$11&""":"""&G76&"""}" -> {"age":"27", "year":"9", "couponrate":"8", "benefittype":"A", "benefitrate":"800", "premiumrate":"1.01"} | J76: =IF(OR(I77="]", I76="[", I76="]"), "", ",") -> ,
A77: ='EN60'!A$3 -> EN60 | B77: =B76 -> 27 | C77: =C76+1 -> 10 | D77: =IF(C77+B77=80,0,8) -> 8 | E77: A | F77: =IF(C77>7, 800, C77*100) -> 800 | G77: =G76 -> 1.01 | H77: ="INSERT INTO public.coupon ("&A$11&", "&B$11&", """&C$11&""", "&D$11&", "&E$11&", "&F$11&", "&G$11&") VALUES('"&A77&"', "&B77&", "&C77&", "&D77&", '"&E77&"',"&F77&", "&G77&");" -> INSERT INTO public.coupon (plancode, age, "year", couponrate, benefittype, benefitrate, premiumrate) VALUES('EN60', 27, 10, 8, 'A',800, 1.01); | I77: ="{""age"":"""&B77&""", ""year"":"""&C77&""", ""couponrate"":"""&D77&""", ""benefittype"":"""&E77&""", ""benefitrate"":"""&F77&""", """&G$11&""":"""&G77&"""}" -> {"age":"27", "year":"10", "couponrate":"8", "benefittype":"A", "benefitrate":"800", "premiumrate":"1.01"} | J77: =IF(OR(I78="]", I77="[", I77="]"), "", ",") -> ,
A78: ='EN60'!A$3 -> EN60 | B78: =B77 -> 27 | C78: =C77+1 -> 11 | D78: =IF(C78+B78=80,0,8) -> 8 | E78: A | F78: =IF(C78>7, 800, C78*100) -> 800 | G78: =G77 -> 1.01 | H78: ="INSERT INTO public.coupon ("&A$11&", "&B$11&", """&C$11&""", "&D$11&", "&E$11&", "&F$11&", "&G$11&") VALUES('"&A78&"', "&B78&", "&C78&", "&D78&", '"&E78&"',"&F78&", "&G78&");" -> INSERT INTO public.coupon (plancode, age, "year", couponrate, benefittype, benefitrate, premiumrate) VALUES('EN60', 27, 11, 8, 'A',800, 1.01); | I78: ="{""age"":"""&B78&""", ""year"":"""&C78&""", ""couponrate"":"""&D78&""", ""benefittype"":"""&E78&""", ""benefitrate"":"""&F78&""", """&G$11&""":"""&G78&"""}" -> {"age":"27", "year":"11", "couponrate":"8", "benefittype":"A", "benefitrate":"800", "premiumrate":"1.01"} | J78: =IF(OR(I79="]", I78="[", I78="]"), "", ",") -> ,
A79: ='EN60'!A$3 -> EN60 | B79: =B78 -> 27 | C79: =C78+1 -> 12 | D79: =IF(C79+B79=80,0,8) -> 8 | E79: A | F79: =IF(C79>7, 800, C79*100) -> 800 | G79: =G78 -> 1.01 | H79: ="INSERT INTO public.coupon ("&A$11&", "&B$11&", """&C$11&""", "&D$11&", "&E$11&", "&F$11&", "&G$11&") VALUES('"&A79&"', "&B79&", "&C79&", "&D79&", '"&E79&"',"&F79&", "&G79&");" -> INSERT INTO public.coupon (plancode, age, "year", couponrate, benefittype, benefitrate, premiumrate) VALUES('EN60', 27, 12, 8, 'A',800, 1.01); | I79: ="{""age"":"""&B79&""", ""year"":"""&C79&""", ""couponrate"":"""&D79&""", ""benefittype"":"""&E79&""", ""benefitrate"":"""&F79&""", """&G$11&""":"""&G79&"""}" -> {"age":"27", "year":"12", "couponrate":"8", "benefittype":"A", "benefitrate":"800", "premiumrate":"1.01"} | J79: =IF(OR(I80="]", I79="[", I79="]"), "", ",") -> ,
A80: ='EN60'!A$3 -> EN60 | B80: =B79 -> 27 | C80: =C79+1 -> 13 | D80: =IF(C80+B80=80,0,8) -> 8 | E80: A | F80: =IF(C80>7, 800, C80*100) -> 800 | G80: =G79 -> 1.01 | H80: ="INSERT INTO public.coupon ("&A$11&", "&B$11&", """&C$11&""", "&D$11&", "&E$11&", "&F$11&", "&G$11&") VALUES('"&A80&"', "&B80&", "&C80&", "&D80&", '"&E80&"',"&F80&", "&G80&");" -> INSERT INTO public.coupon (plancode, age, "year", couponrate, benefittype, benefitrate, premiumrate) VALUES('EN60', 27, 13, 8, 'A',800, 1.01); | I80: ="{""age"":"""&B80&""", ""year"":"""&C80&""", ""couponrate"":"""&D80&""", ""benefittype"":"""&E80&""", ""benefitrate"":"""&F80&""", """&G$11&""":"""&G80&"""}" -> {"age":"27", "year":"13", "couponrate":"8", "benefittype":"A", "benefitrate":"800", "premiumrate":"1.01"} | J80: =IF(OR(I81="]", I80="[", I80="]"), "", ",") -> ,
... A119: ='EN60'!A$3 -> EN60 | B119: =B118 -> 27 | C119: =C118+1 -> 52 | D119: =IF(C119+B119=80,0,8) -> 8 | E119: A | F119: =IF(C119>7, 800, C119*100) -> 800 | G119: =G118 -> 1.01 | H119: ="INSERT INTO public.coupon ("&A$11&", "&B$11&", """&C$11&""", "&D$11&", "&E$11&", "&F$11&", "&G$11&") VALUES('"&A119&"', "&B119&", "&C119&", "&D119&", '"&E119&"',"&F119&", "&G119&");" -> INSERT INTO public.coupon (plancode, age, "year", couponrate, benefittype, benefitrate, premiumrate) VALUES('EN60', 27, 52, 8, 'A',800, 1.01); | I119: ="{""age"":"""&B119&""", ""year"":"""&C119&""", ""couponrate"":"""&D119&""", ""benefittype"":"""&E119&""", ""benefitrate"":"""&F119&""", """&G$11&""":"""&G119&"""}" -> {"age":"27", "year":"52", "couponrate":"8", "benefittype":"A", "benefitrate":"800", "premiumrate":"1.01"} | J119: =IF(OR(I120="]", I119="[", I119="]"), "", ",") -> ,
A120: ='EN60'!A$3 -> EN60 | B120: =B119 -> 27 | C120: =C119+1 -> 53 | D120: =IF(C120+B120=80,0,8) -> 0 | E120: A | F120: =IF(C120>7, 800, C120*100) -> 800 | G120: =G119 -> 1.01 | H120: ="INSERT INTO public.coupon ("&A$11&", "&B$11&", """&C$11&""", "&D$11&", "&E$11&", "&F$11&", "&G$11&") VALUES('"&A120&"', "&B120&", "&C120&", "&D120&", '"&E120&"',"&F120&", "&G120&");" -> INSERT INTO public.coupon (plancode, age, "year", couponrate, benefittype, benefitrate, premiumrate) VALUES('EN60', 27, 53, 0, 'A',800, 1.01); | I120: ="{""age"":"""&B120&""", ""year"":"""&C120&""", ""couponrate"":"""&D120&""", ""benefittype"":"""&E120&""", ""benefitrate"":"""&F120&""", """&G$11&""":"""&G120&"""}" -> {"age":"27", "year":"53", "couponrate":"0", "benefittype":"A", "benefitrate":"800", "premiumrate":"1.01"}
I121: ]}]
A122: plancode | B122: age | C122: year | D122: couponrate | E122: benefittype | F122: benefitrate | G122: premiumrate | I122: ="[{""plancode"":"""&A123&""",""returncash"":"""&B$7&""",""ytable"":"""&C$7&""",""maturerate"":"""&B$3&""",""maturepmrate"":"""&C$3&""",""coupon"":[" -> [{"plancode":"EN60","returncash":"1","ytable":"Y","maturerate":"808","maturepmrate":"1.01","coupon":[
A123: ='EN60'!A$3 -> EN60 | B123: 28 | C123: 1 | D123: =IF(C123+B123=80,0,8) -> 8 | E123: A | F123: =IF(C123>7, 800, C123*100) -> 100 | G123: ='EN60'!C$3 -> 1.01 | H123: ="INSERT INTO public.coupon ("&A$11&", "&B$11&", """&C$11&""", "&D$11&", "&E$11&", "&F$11&", "&G$11&") VALUES('"&A123&"', "&B123&", "&C123&", "&D123&", '"&E123&"',"&F123&", "&G123&");" -> INSERT INTO public.coupon (plancode, age, "year", couponrate, benefittype, benefitrate, premiumrate) VALUES('EN60', 28, 1, 8, 'A',100, 1.01); | I123: ="{""age"":"""&B123&""", ""year"":"""&C123&""", ""couponrate"":"""&D123&""", ""benefittype"":"""&E123&""", ""benefitrate"":"""&F123&""", """&G$11&""":"""&G123&"""}" -> {"age":"28", "year":"1", "couponrate":"8", "benefittype":"A", "benefitrate":"100", "premiumrate":"1.01"} | J123: =IF(OR(I124="]", I123="[", I123="]"), "", ",") -> ,
A124: ='EN60'!A$3 -> EN60 | B124: =B123 -> 28 | C124: =IF(B124+C123+1>80,"",C123+1) -> 2 | D124: =IF(C124+B124=80,0,8) -> 8 | E124: A | F124: =IF(C124>7, 800, C124*100) -> 200 | G124: =G123 -> 1.01 | H124: ="INSERT INTO public.coupon ("&A$11&", "&B$11&", """&C$11&""", "&D$11&", "&E$11&", "&F$11&", "&G$11&") VALUES('"&A124&"', "&B124&", "&C124&", "&D124&", '"&E124&"',"&F124&", "&G124&");" -> INSERT INTO public.coupon (plancode, age, "year", couponrate, benefittype, benefitrate, premiumrate) VALUES('EN60', 28, 2, 8, 'A',200, 1.01); | I124: ="{""age"":"""&B124&""", ""year"":"""&C124&""", ""couponrate"":"""&D124&""", ""benefittype"":"""&E124&""", ""benefitrate"":"""&F124&""", """&G$11&""":"""&G124&"""}" -> {"age":"28", "year":"2", "couponrate":"8", "benefittype":"A", "benefitrate":"200", "premiumrate":"1.01"} | J124: =IF(OR(I125="]", I124="[", I124="]"), "", ",") -> ,
A125: ='EN60'!A$3 -> EN60 | B125: =B124 -> 28 | C125: =IF(B125+C124+1>80,"",C124+1) -> 3 | D125: =IF(C125+B125=80,0,8) -> 8 | E125: A | F125: =IF(C125>7, 800, C125*100) -> 300 | G125: =G124 -> 1.01 | H125: ="INSERT INTO public.coupon ("&A$11&", "&B$11&", """&C$11&""", "&D$11&", "&E$11&", "&F$11&", "&G$11&") VALUES('"&A125&"', "&B125&", "&C125&", "&D125&", '"&E125&"',"&F125&", "&G125&");" -> INSERT INTO public.coupon (plancode, age, "year", couponrate, benefittype, benefitrate, premiumrate) VALUES('EN60', 28, 3, 8, 'A',300, 1.01); | I125: ="{""age"":"""&B125&""", ""year"":"""&C125&""", ""couponrate"":"""&D125&""", ""benefittype"":"""&E125&""", ""benefitrate"":"""&F125&""", """&G$11&""":"""&G125&"""}" -> {"age":"28", "year":"3", "couponrate":"8", "benefittype":"A", "benefitrate":"300", "premiumrate":"1.01"} | J125: =IF(OR(I126="]", I125="[", I125="]"), "", ",") -> ,
A126: ='EN60'!A$3 -> EN60 | B126: =B125 -> 28 | C126: =IF(B126+C125+1>80,"",C125+1) -> 4 | D126: =IF(C126+B126=80,0,8) -> 8 | E126: A | F126: =IF(C126>7, 800, C126*100) -> 400 | G126: =G125 -> 1.01 | H126: ="INSERT INTO public.coupon ("&A$11&", "&B$11&", """&C$11&""", "&D$11&", "&E$11&", "&F$11&", "&G$11&") VALUES('"&A126&"', "&B126&", "&C126&", "&D126&", '"&E126&"',"&F126&", "&G126&");" -> INSERT INTO public.coupon (plancode, age, "year", couponrate, benefittype, benefitrate, premiumrate) VALUES('EN60', 28, 4, 8, 'A',400, 1.01); | I126: ="{""age"":"""&B126&""", ""year"":"""&C126&""", ""couponrate"":"""&D126&""", ""benefittype"":"""&E126&""", ""benefitrate"":"""&F126&""", """&G$11&""":"""&G126&"""}" -> {"age":"28", "year":"4", "couponrate":"8", "benefittype":"A", "benefitrate":"400", "premiumrate":"1.01"} | J126: =IF(OR(I127="]", I126="[", I126="]"), "", ",") -> ,
A127: ='EN60'!A$3 -> EN60 | B127: =B126 -> 28 | C127: =IF(B127+C126+1>80,"",C126+1) -> 5 | D127: =IF(C127+B127=80,0,8) -> 8 | E127: A | F127: =IF(C127>7, 800, C127*100) -> 500 | G127: =G126 -> 1.01 | H127: ="INSERT INTO public.coupon ("&A$11&", "&B$11&", """&C$11&""", "&D$11&", "&E$11&", "&F$11&", "&G$11&") VALUES('"&A127&"', "&B127&", "&C127&", "&D127&", '"&E127&"',"&F127&", "&G127&");" -> INSERT INTO public.coupon (plancode, age, "year", couponrate, benefittype, benefitrate, premiumrate) VALUES('EN60', 28, 5, 8, 'A',500, 1.01); | I127: ="{""age"":"""&B127&""", ""year"":"""&C127&""", ""couponrate"":"""&D127&""", ""benefittype"":"""&E127&""", ""benefitrate"":"""&F127&""", """&G$11&""":"""&G127&"""}" -> {"age":"28", "year":"5", "couponrate":"8", "benefittype":"A", "benefitrate":"500", "premiumrate":"1.01"} | J127: =IF(OR(I128="]", I127="[", I127="]"), "", ",") -> ,
A128: ='EN60'!A$3 -> EN60 | B128: =B127 -> 28 | C128: =IF(B128+C127+1>80,"",C127+1) -> 6 | D128: =IF(C128+B128=80,0,8) -> 8 | E128: A | F128: =IF(C128>7, 800, C128*100) -> 600 | G128: =G127 -> 1.01 | H128: ="INSERT INTO public.coupon ("&A$11&", "&B$11&", """&C$11&""", "&D$11&", "&E$11&", "&F$11&", "&G$11&") VALUES('"&A128&"', "&B128&", "&C128&", "&D128&", '"&E128&"',"&F128&", "&G128&");" -> INSERT INTO public.coupon (plancode, age, "year", couponrate, benefittype, benefitrate, premiumrate) VALUES('EN60', 28, 6, 8, 'A',600, 1.01); | I128: ="{""age"":"""&B128&""", ""year"":"""&C128&""", ""couponrate"":"""&D128&""", ""benefittype"":"""&E128&""", ""benefitrate"":"""&F128&""", """&G$11&""":"""&G128&"""}" -> {"age":"28", "year":"6", "couponrate":"8", "benefittype":"A", "benefitrate":"600", "premiumrate":"1.01"} | J128: =IF(OR(I129="]", I128="[", I128="]"), "", ",") -> ,
A129: ='EN60'!A$3 -> EN60 | B129: =B128 -> 28 | C129: =IF(B129+C128+1>80,"",C128+1) -> 7 | D129: =IF(C129+B129=80,0,8) -> 8 | E129: A | F129: =IF(C129>7, 800, C129*100) -> 700 | G129: =G128 -> 1.01 | H129: ="INSERT INTO public.coupon ("&A$11&", "&B$11&", """&C$11&""", "&D$11&", "&E$11&", "&F$11&", "&G$11&") VALUES('"&A129&"', "&B129&", "&C129&", "&D129&", '"&E129&"',"&F129&", "&G129&");" -> INSERT INTO public.coupon (plancode, age, "year", couponrate, benefittype, benefitrate, premiumrate) VALUES('EN60', 28, 7, 8, 'A',700, 1.01); | I129: ="{""age"":"""&B129&""", ""year"":"""&C129&""", ""couponrate"":"""&D129&""", ""benefittype"":"""&E129&""", ""benefitrate"":"""&F129&""", """&G$11&""":"""&G129&"""}" -> {"age":"28", "year":"7", "couponrate":"8", "benefittype":"A", "benefitrate":"700", "premiumrate":"1.01"} | J129: =IF(OR(I130="]", I129="[", I129="]"), "", ",") -> ,
A130: ='EN60'!A$3 -> EN60 | B130: =B129 -> 28 | C130: =IF(B130+C129+1>80,"",C129+1) -> 8 | D130: =IF(C130+B130=80,0,8) -> 8 | E130: A | F130: =IF(C130>7, 800, C130*100) -> 800 | G130: =G129 -> 1.01 | H130: ="INSERT INTO public.coupon ("&A$11&", "&B$11&", """&C$11&""", "&D$11&", "&E$11&", "&F$11&", "&G$11&") VALUES('"&A130&"', "&B130&", "&C130&", "&D130&", '"&E130&"',"&F130&", "&G130&");" -> INSERT INTO public.coupon (plancode, age, "year", couponrate, benefittype, benefitrate, premiumrate) VALUES('EN60', 28, 8, 8, 'A',800, 1.01); | I130: ="{""age"":"""&B130&""", ""year"":"""&C130&""", ""couponrate"":"""&D130&""", ""benefittype"":"""&E130&""", ""benefitrate"":"""&F130&""", """&G$11&""":"""&G130&"""}" -> {"age":"28", "year":"8", "couponrate":"8", "benefittype":"A", "benefitrate":"800", "premiumrate":"1.01"} | J130: =IF(OR(I131="]", I130="[", I130="]"), "", ",") -> ,
A131: ='EN60'!A$3 -> EN60 | B131: =B130 -> 28 | C131: =IF(B131+C130+1>80,"",C130+1) -> 9 | D131: =IF(C131+B131=80,0,8) -> 8 | E131: A | F131: =IF(C131>7, 800, C131*100) -> 800 | G131: =G130 -> 1.01 | H131: ="INSERT INTO public.coupon ("&A$11&", "&B$11&", """&C$11&""", "&D$11&", "&E$11&", "&F$11&", "&G$11&") VALUES('"&A131&"', "&B131&", "&C131&", "&D131&", '"&E131&"',"&F131&", "&G131&");" -> INSERT INTO public.coupon (plancode, age, "year", couponrate, benefittype, benefitrate, premiumrate) VALUES('EN60', 28, 9, 8, 'A',800, 1.01); | I131: ="{""age"":"""&B131&""", ""year"":"""&C131&""", ""couponrate"":"""&D131&""", ""benefittype"":"""&E131&""", ""benefitrate"":"""&F131&""", """&G$11&""":"""&G131&"""}" -> {"age":"28", "year":"9", "couponrate":"8", "benefittype":"A", "benefitrate":"800", "premiumrate":"1.01"} | J131: =IF(OR(I132="]", I131="[", I131="]"), "", ",") -> ,
A132: ='EN60'!A$3 -> EN60 | B132: =B131 -> 28 | C132: =IF(B132+C131+1>80,"",C131+1) -> 10 | D132: =IF(C132+B132=80,0,8) -> 8 | E132: A | F132: =IF(C132>7, 800, C132*100) -> 800 | G132: =G131 -> 1.01 | H132: ="INSERT INTO public.coupon ("&A$11&", "&B$11&", """&C$11&""", "&D$11&", "&E$11&", "&F$11&", "&G$11&") VALUES('"&A132&"', "&B132&", "&C132&", "&D132&", '"&E132&"',"&F132&", "&G132&");" -> INSERT INTO public.coupon (plancode, age, "year", couponrate, benefittype, benefitrate, premiumrate) VALUES('EN60', 28, 10, 8, 'A',800, 1.01); | I132: ="{""age"":"""&B132&""", ""year"":"""&C132&""", ""couponrate"":"""&D132&""", ""benefittype"":"""&E132&""", ""benefitrate"":"""&F132&""", """&G$11&""":"""&G132&"""}" -> {"age":"28", "year":"10", "couponrate":"8", "benefittype":"A", "benefitrate":"800", "premiumrate":"1.01"} | J132: =IF(OR(I133="]", I132="[", I132="]"), "", ",") -> ,
A133: ='EN60'!A$3 -> EN60 | B133: =B132 -> 28 | C133: =IF(B133+C132+1>80,"",C132+1) -> 11 | D133: =IF(C133+B133=80,0,8) -> 8 | E133: A | F133: =IF(C133>7, 800, C133*100) -> 800 | G133: =G132 -> 1.01 | H133: ="INSERT INTO public.coupon ("&A$11&", "&B$11&", """&C$11&""", "&D$11&", "&E$11&", "&F$11&", "&G$11&") VALUES('"&A133&"', "&B133&", "&C133&", "&D133&", '"&E133&"',"&F133&", "&G133&");" -> INSERT INTO public.coupon (plancode, age, "year", couponrate, benefittype, benefitrate, premiumrate) VALUES('EN60', 28, 11, 8, 'A',800, 1.01); | I133: ="{""age"":"""&B133&""", ""year"":"""&C133&""", ""couponrate"":"""&D133&""", ""benefittype"":"""&E133&""", ""benefitrate"":"""&F133&""", """&G$11&""":"""&G133&"""}" -> {"age":"28", "year":"11", "couponrate":"8", "benefittype":"A", "benefitrate":"800", "premiumrate":"1.01"} | J133: =IF(OR(I134="]", I133="[", I133="]"), "", ",") -> ,
A134: ='EN60'!A$3 -> EN60 | B134: =B133 -> 28 | C134: =IF(B134+C133+1>80,"",C133+1) -> 12 | D134: =IF(C134+B134=80,0,8) -> 8 | E134: A | F134: =IF(C134>7, 800, C134*100) -> 800 | G134: =G133 -> 1.01 | H134: ="INSERT INTO public.coupon ("&A$11&", "&B$11&", """&C$11&""", "&D$11&", "&E$11&", "&F$11&", "&G$11&") VALUES('"&A134&"', "&B134&", "&C134&", "&D134&", '"&E134&"',"&F134&", "&G134&");" -> INSERT INTO public.coupon (plancode, age, "year", couponrate, benefittype, benefitrate, premiumrate) VALUES('EN60', 28, 12, 8, 'A',800, 1.01); | I134: ="{""age"":"""&B134&""", ""year"":"""&C134&""", ""couponrate"":"""&D134&""", ""benefittype"":"""&E134&""", ""benefitrate"":"""&F134&""", """&G$11&""":"""&G134&"""}" -> {"age":"28", "year":"12", "couponrate":"8", "benefittype":"A", "benefitrate":"800", "premiumrate":"1.01"} | J134: =IF(OR(I135="]", I134="[", I134="]"), "", ",") -> ,
A135: ='EN60'!A$3 -> EN60 | B135: =B134 -> 28 | C135: =IF(B135+C134+1>80,"",C134+1) -> 13 | D135: =IF(C135+B135=80,0,8) -> 8 | E135: A | F135: =IF(C135>7, 800, C135*100) -> 800 | G135: =G134 -> 1.01 | H135: ="INSERT INTO public.coupon ("&A$11&", "&B$11&", """&C$11&""", "&D$11&", "&E$11&", "&F$11&", "&G$11&") VALUES('"&A135&"', "&B135&", "&C135&", "&D135&", '"&E135&"',"&F135&", "&G135&");" -> INSERT INTO public.coupon (plancode, age, "year", couponrate, benefittype, benefitrate, premiumrate) VALUES('EN60', 28, 13, 8, 'A',800, 1.01); | I135: ="{""age"":"""&B135&""", ""year"":"""&C135&""", ""couponrate"":"""&D135&""", ""benefittype"":"""&E135&""", ""benefitrate"":"""&F135&""", """&G$11&""":"""&G135&"""}" -> {"age":"28", "year":"13", "couponrate":"8", "benefittype":"A", "benefitrate":"800", "premiumrate":"1.01"} | J135: =IF(OR(I136="]", I135="[", I135="]"), "", ",") -> ,
... A173: ='EN60'!A$3 -> EN60 | B173: =B172 -> 28 | C173: =IF(B173+C172+1>80,"",C172+1) -> 51 | D173: =IF(C173+B173=80,0,8) -> 8 | E173: A | F173: =IF(C173>7, 800, C173*100) -> 800 | G173: =G172 -> 1.01 | H173: ="INSERT INTO public.coupon ("&A$11&", "&B$11&", """&C$11&""", "&D$11&", "&E$11&", "&F$11&", "&G$11&") VALUES('"&A173&"', "&B173&", "&C173&", "&D173&", '"&E173&"',"&F173&", "&G173&");" -> INSERT INTO public.coupon (plancode, age, "year", couponrate, benefittype, benefitrate, premiumrate) VALUES('EN60', 28, 51, 8, 'A',800, 1.01); | I173: ="{""age"":"""&B173&""", ""year"":"""&C173&""", ""couponrate"":"""&D173&""", ""benefittype"":"""&E173&""", ""benefitrate"":"""&F173&""", """&G$11&""":"""&G173&"""}" -> {"age":"28", "year":"51", "couponrate":"8", "benefittype":"A", "benefitrate":"800", "premiumrate":"1.01"} | J173: =IF(OR(I174="]", I173="[", I173="]"), "", ",") -> ,
A174: ='EN60'!A$3 -> EN60 | B174: =B173 -> 28 | C174: =IF(B174+C173+1>80,"",C173+1) -> 52 | D174: =IF(C174+B174=80,0,8) -> 0 | E174: A | F174: =IF(C174>7, 800, C174*100) -> 800 | G174: =G173 -> 1.01 | H174: ="INSERT INTO public.coupon ("&A$11&", "&B$11&", """&C$11&""", "&D$11&", "&E$11&", "&F$11&", "&G$11&") VALUES('"&A174&"', "&B174&", "&C174&", "&D174&", '"&E174&"',"&F174&", "&G174&");" -> INSERT INTO public.coupon (plancode, age, "year", couponrate, benefittype, benefitrate, premiumrate) VALUES('EN60', 28, 52, 0, 'A',800, 1.01); | I174: ="{""age"":"""&B174&""", ""year"":"""&C174&""", ""couponrate"":"""&D174&""", ""benefittype"":"""&E174&""", ""benefitrate"":"""&F174&""", """&G$11&""":"""&G174&"""}" -> {"age":"28", "year":"52", "couponrate":"0", "benefittype":"A", "benefitrate":"800", "premiumrate":"1.01"}
I175: ]}]
A176: plancode | B176: age | C176: year | D176: couponrate | E176: benefittype | F176: benefitrate | G176: premiumrate | I176: ="[{""plancode"":"""&A177&""",""returncash"":"""&B$7&""",""ytable"":"""&C$7&""",""maturerate"":"""&B$3&""",""maturepmrate"":"""&C$3&""",""coupon"":[" -> [{"plancode":"EN60","returncash":"1","ytable":"Y","maturerate":"808","maturepmrate":"1.01","coupon":[
A177: ='EN60'!A$3 -> EN60 | B177: 29 | C177: 1 | D177: =IF(C177+B177=80,0,8) -> 8 | E177: A | F177: =IF(C177>7, 800, C177*100) -> 100 | G177: ='EN60'!C$3 -> 1.01 | H177: ="INSERT INTO public.coupon ("&A$11&", "&B$11&", """&C$11&""", "&D$11&", "&E$11&", "&F$11&", "&G$11&") VALUES('"&A177&"', "&B177&", "&C177&", "&D177&", '"&E177&"',"&F177&", "&G177&");" -> INSERT INTO public.coupon (plancode, age, "year", couponrate, benefittype, benefitrate, premiumrate) VALUES('EN60', 29, 1, 8, 'A',100, 1.01); | I177: ="{""age"":"""&B177&""", ""year"":"""&C177&""", ""couponrate"":"""&D177&""", ""benefittype"":"""&E177&""", ""benefitrate"":"""&F177&""", """&G$11&""":"""&G177&"""}" -> {"age":"29", "year":"1", "couponrate":"8", "benefittype":"A", "benefitrate":"100", "premiumrate":"1.01"} | J177: =IF(OR(I178="]", I177="[", I177="]"), "", ",") -> ,
A178: ='EN60'!A$3 -> EN60 | B178: =B177 -> 29 | C178: =IF(B178+C177+1>80,"",C177+1) -> 2 | D178: =IF(C178+B178=80,0,8) -> 8 | E178: A | F178: =IF(C178>7, 800, C178*100) -> 200 | G178: =G177 -> 1.01 | H178: ="INSERT INTO public.coupon ("&A$11&", "&B$11&", """&C$11&""", "&D$11&", "&E$11&", "&F$11&", "&G$11&") VALUES('"&A178&"', "&B178&", "&C178&", "&D178&", '"&E178&"',"&F178&", "&G178&");" -> INSERT INTO public.coupon (plancode, age, "year", couponrate, benefittype, benefitrate, premiumrate) VALUES('EN60', 29, 2, 8, 'A',200, 1.01); | I178: ="{""age"":"""&B178&""", ""year"":"""&C178&""", ""couponrate"":"""&D178&""", ""benefittype"":"""&E178&""", ""benefitrate"":"""&F178&""", """&G$11&""":"""&G178&"""}" -> {"age":"29", "year":"2", "couponrate":"8", "benefittype":"A", "benefitrate":"200", "premiumrate":"1.01"} | J178: =IF(OR(I179="]", I178="[", I178="]"), "", ",") -> ,
A179: ='EN60'!A$3 -> EN60 | B179: =B178 -> 29 | C179: =IF(B179+C178+1>80,"",C178+1) -> 3 | D179: =IF(C179+B179=80,0,8) -> 8 | E179: A | F179: =IF(C179>7, 800, C179*100) -> 300 | G179: =G178 -> 1.01 | H179: ="INSERT INTO public.coupon ("&A$11&", "&B$11&", """&C$11&""", "&D$11&", "&E$11&", "&F$11&", "&G$11&") VALUES('"&A179&"', "&B179&", "&C179&", "&D179&", '"&E179&"',"&F179&", "&G179&");" -> INSERT INTO public.coupon (plancode, age, "year", couponrate, benefittype, benefitrate, premiumrate) VALUES('EN60', 29, 3, 8, 'A',300, 1.01); | I179: ="{""age"":"""&B179&""", ""year"":"""&C179&""", ""couponrate"":"""&D179&""", ""benefittype"":"""&E179&""", ""benefitrate"":"""&F179&""", """&G$11&""":"""&G179&"""}" -> {"age":"29", "year":"3", "couponrate":"8", "benefittype":"A", "benefitrate":"300", "premiumrate":"1.01"} | J179: =IF(OR(I180="]", I179="[", I179="]"), "", ",") -> ,
A180: ='EN60'!A$3 -> EN60 | B180: =B179 -> 29 | C180: =IF(B180+C179+1>80,"",C179+1) -> 4 | D180: =IF(C180+B180=80,0,8) -> 8 | E180: A | F180: =IF(C180>7, 800, C180*100) -> 400 | G180: =G179 -> 1.01 | H180: ="INSERT INTO public.coupon ("&A$11&", "&B$11&", """&C$11&""", "&D$11&", "&E$11&", "&F$11&", "&G$11&") VALUES('"&A180&"', "&B180&", "&C180&", "&D180&", '"&E180&"',"&F180&", "&G180&");" -> INSERT INTO public.coupon (plancode, age, "year", couponrate, benefittype, benefitrate, premiumrate) VALUES('EN60', 29, 4, 8, 'A',400, 1.01); | I180: ="{""age"":"""&B180&""", ""year"":"""&C180&""", ""couponrate"":"""&D180&""", ""benefittype"":"""&E180&""", ""benefitrate"":"""&F180&""", """&G$11&""":"""&G180&"""}" -> {"age":"29", "year":"4", "couponrate":"8", "benefittype":"A", "benefitrate":"400", "premiumrate":"1.01"} | J180: =IF(OR(I181="]", I180="[", I180="]"), "", ",") -> ,
A181: ='EN60'!A$3 -> EN60 | B181: =B180 -> 29 | C181: =IF(B181+C180+1>80,"",C180+1) -> 5 | D181: =IF(C181+B181=80,0,8) -> 8 | E181: A | F181: =IF(C181>7, 800, C181*100) -> 500 | G181: =G180 -> 1.01 | H181: ="INSERT INTO public.coupon ("&A$11&", "&B$11&", """&C$11&""", "&D$11&", "&E$11&", "&F$11&", "&G$11&") VALUES('"&A181&"', "&B181&", "&C181&", "&D181&", '"&E181&"',"&F181&", "&G181&");" -> INSERT INTO public.coupon (plancode, age, "year", couponrate, benefittype, benefitrate, premiumrate) VALUES('EN60', 29, 5, 8, 'A',500, 1.01); | I181: ="{""age"":"""&B181&""", ""year"":"""&C181&""", ""couponrate"":"""&D181&""", ""benefittype"":"""&E181&""", ""benefitrate"":"""&F181&""", """&G$11&""":"""&G181&"""}" -> {"age":"29", "year":"5", "couponrate":"8", "benefittype":"A", "benefitrate":"500", "premiumrate":"1.01"} | J181: =IF(OR(I182="]", I181="[", I181="]"), "", ",") -> ,
A182: ='EN60'!A$3 -> EN60 | B182: =B181 -> 29 | C182: =IF(B182+C181+1>80,"",C181+1) -> 6 | D182: =IF(C182+B182=80,0,8) -> 8 | E182: A | F182: =IF(C182>7, 800, C182*100) -> 600 | G182: =G181 -> 1.01 | H182: ="INSERT INTO public.coupon ("&A$11&", "&B$11&", """&C$11&""", "&D$11&", "&E$11&", "&F$11&", "&G$11&") VALUES('"&A182&"', "&B182&", "&C182&", "&D182&", '"&E182&"',"&F182&", "&G182&");" -> INSERT INTO public.coupon (plancode, age, "year", couponrate, benefittype, benefitrate, premiumrate) VALUES('EN60', 29, 6, 8, 'A',600, 1.01); | I182: ="{""age"":"""&B182&""", ""year"":"""&C182&""", ""couponrate"":"""&D182&""", ""benefittype"":"""&E182&""", ""benefitrate"":"""&F182&""", """&G$11&""":"""&G182&"""}" -> {"age":"29", "year":"6", "couponrate":"8", "benefittype":"A", "benefitrate":"600", "premiumrate":"1.01"} | J182: =IF(OR(I183="]", I182="[", I182="]"), "", ",") -> ,
A183: ='EN60'!A$3 -> EN60 | B183: =B182 -> 29 | C183: =IF(B183+C182+1>80,"",C182+1) -> 7 | D183: =IF(C183+B183=80,0,8) -> 8 | E183: A | F183: =IF(C183>7, 800, C183*100) -> 700 | G183: =G182 -> 1.01 | H183: ="INSERT INTO public.coupon ("&A$11&", "&B$11&", """&C$11&""", "&D$11&", "&E$11&", "&F$11&", "&G$11&") VALUES('"&A183&"', "&B183&", "&C183&", "&D183&", '"&E183&"',"&F183&", "&G183&");" -> INSERT INTO public.coupon (plancode, age, "year", couponrate, benefittype, benefitrate, premiumrate) VALUES('EN60', 29, 7, 8, 'A',700, 1.01); | I183: ="{""age"":"""&B183&""", ""year"":"""&C183&""", ""couponrate"":"""&D183&""", ""benefittype"":"""&E183&""", ""benefitrate"":"""&F183&""", """&G$11&""":"""&G183&"""}" -> {"age":"29", "year":"7", "couponrate":"8", "benefittype":"A", "benefitrate":"700", "premiumrate":"1.01"} | J183: =IF(OR(I184="]", I183="[", I183="]"), "", ",") -> ,
A184: ='EN60'!A$3 -> EN60 | B184: =B183 -> 29 | C184: =IF(B184+C183+1>80,"",C183+1) -> 8 | D184: =IF(C184+B184=80,0,8) -> 8 | E184: A | F184: =IF(C184>7, 800, C184*100) -> 800 | G184: =G183 -> 1.01 | H184: ="INSERT INTO public.coupon ("&A$11&", "&B$11&", """&C$11&""", "&D$11&", "&E$11&", "&F$11&", "&G$11&") VALUES('"&A184&"', "&B184&", "&C184&", "&D184&", '"&E184&"',"&F184&", "&G184&");" -> INSERT INTO public.coupon (plancode, age, "year", couponrate, benefittype, benefitrate, premiumrate) VALUES('EN60', 29, 8, 8, 'A',800, 1.01); | I184: ="{""age"":"""&B184&""", ""year"":"""&C184&""", ""couponrate"":"""&D184&""", ""benefittype"":"""&E184&""", ""benefitrate"":"""&F184&""", """&G$11&""":"""&G184&"""}" -> {"age":"29", "year":"8", "couponrate":"8", "benefittype":"A", "benefitrate":"800", "premiumrate":"1.01"} | J184: =IF(OR(I185="]", I184="[", I184="]"), "", ",") -> ,
A185: ='EN60'!A$3 -> EN60 | B185: =B184 -> 29 | C185: =IF(B185+C184+1>80,"",C184+1) -> 9 | D185: =IF(C185+B185=80,0,8) -> 8 | E185: A | F185: =IF(C185>7, 800, C185*100) -> 800 | G185: =G184 -> 1.01 | H185: ="INSERT INTO public.coupon ("&A$11&", "&B$11&", """&C$11&""", "&D$11&", "&E$11&", "&F$11&", "&G$11&") VALUES('"&A185&"', "&B185&", "&C185&", "&D185&", '"&E185&"',"&F185&", "&G185&");" -> INSERT INTO public.coupon (plancode, age, "year", couponrate, benefittype, benefitrate, premiumrate) VALUES('EN60', 29, 9, 8, 'A',800, 1.01); | I185: ="{""age"":"""&B185&""", ""year"":"""&C185&""", ""couponrate"":"""&D185&""", ""benefittype"":"""&E185&""", ""benefitrate"":"""&F185&""", """&G$11&""":"""&G185&"""}" -> {"age":"29", "year":"9", "couponrate":"8", "benefittype":"A", "benefitrate":"800", "premiumrate":"1.01"} | J185: =IF(OR(I186="]", I185="[", I185="]"), "", ",") -> ,
A186: ='EN60'!A$3 -> EN60 | B186: =B185 -> 29 | C186: =IF(B186+C185+1>80,"",C185+1) -> 10 | D186: =IF(C186+B186=80,0,8) -> 8 | E186: A | F186: =IF(C186>7, 800, C186*100) -> 800 | G186: =G185 -> 1.01 | H186: ="INSERT INTO public.coupon ("&A$11&", "&B$11&", """&C$11&""", "&D$11&", "&E$11&", "&F$11&", "&G$11&") VALUES('"&A186&"', "&B186&", "&C186&", "&D186&", '"&E186&"',"&F186&", "&G186&");" -> INSERT INTO public.coupon (plancode, age, "year", couponrate, benefittype, benefitrate, premiumrate) VALUES('EN60', 29, 10, 8, 'A',800, 1.01); | I186: ="{""age"":"""&B186&""", ""year"":"""&C186&""", ""couponrate"":"""&D186&""", ""benefittype"":"""&E186&""", ""benefitrate"":"""&F186&""", """&G$11&""":"""&G186&"""}" -> {"age":"29", "year":"10", "couponrate":"8", "benefittype":"A", "benefitrate":"800", "premiumrate":"1.01"} | J186: =IF(OR(I187="]", I186="[", I186="]"), "", ",") -> ,
A187: ='EN60'!A$3 -> EN60 | B187: =B186 -> 29 | C187: =IF(B187+C186+1>80,"",C186+1) -> 11 | D187: =IF(C187+B187=80,0,8) -> 8 | E187: A | F187: =IF(C187>7, 800, C187*100) -> 800 | G187: =G186 -> 1.01 | H187: ="INSERT INTO public.coupon ("&A$11&", "&B$11&", """&C$11&""", "&D$11&", "&E$11&", "&F$11&", "&G$11&") VALUES('"&A187&"', "&B187&", "&C187&", "&D187&", '"&E187&"',"&F187&", "&G187&");" -> INSERT INTO public.coupon (plancode, age, "year", couponrate, benefittype, benefitrate, premiumrate) VALUES('EN60', 29, 11, 8, 'A',800, 1.01); | I187: ="{""age"":"""&B187&""", ""year"":"""&C187&""", ""couponrate"":"""&D187&""", ""benefittype"":"""&E187&""", ""benefitrate"":"""&F187&""", """&G$11&""":"""&G187&"""}" -> {"age":"29", "year":"11", "couponrate":"8", "benefittype":"A", "benefitrate":"800", "premiumrate":"1.01"} | J187: =IF(OR(I188="]", I187="[", I187="]"), "", ",") -> ,
A188: ='EN60'!A$3 -> EN60 | B188: =B187 -> 29 | C188: =IF(B188+C187+1>80,"",C187+1) -> 12 | D188: =IF(C188+B188=80,0,8) -> 8 | E188: A | F188: =IF(C188>7, 800, C188*100) -> 800 | G188: =G187 -> 1.01 | H188: ="INSERT INTO public.coupon ("&A$11&", "&B$11&", """&C$11&""", "&D$11&", "&E$11&", "&F$11&", "&G$11&") VALUES('"&A188&"', "&B188&", "&C188&", "&D188&", '"&E188&"',"&F188&", "&G188&");" -> INSERT INTO public.coupon (plancode, age, "year", couponrate, benefittype, benefitrate, premiumrate) VALUES('EN60', 29, 12, 8, 'A',800, 1.01); | I188: ="{""age"":"""&B188&""", ""year"":"""&C188&""", ""couponrate"":"""&D188&""", ""benefittype"":"""&E188&""", ""benefitrate"":"""&F188&""", """&G$11&""":"""&G188&"""}" -> {"age":"29", "year":"12", "couponrate":"8", "benefittype":"A", "benefitrate":"800", "premiumrate":"1.01"} | J188: =IF(OR(I189="]", I188="[", I188="]"), "", ",") -> ,
A189: ='EN60'!A$3 -> EN60 | B189: =B188 -> 29 | C189: =IF(B189+C188+1>80,"",C188+1) -> 13 | D189: =IF(C189+B189=80,0,8) -> 8 | E189: A | F189: =IF(C189>7, 800, C189*100) -> 800 | G189: =G188 -> 1.01 | H189: ="INSERT INTO public.coupon ("&A$11&", "&B$11&", """&C$11&""", "&D$11&", "&E$11&", "&F$11&", "&G$11&") VALUES('"&A189&"', "&B189&", "&C189&", "&D189&", '"&E189&"',"&F189&", "&G189&");" -> INSERT INTO public.coupon (plancode, age, "year", couponrate, benefittype, benefitrate, premiumrate) VALUES('EN60', 29, 13, 8, 'A',800, 1.01); | I189: ="{""age"":"""&B189&""", ""year"":"""&C189&""", ""couponrate"":"""&D189&""", ""benefittype"":"""&E189&""", ""benefitrate"":"""&F189&""", """&G$11&""":"""&G189&"""}" -> {"age":"29", "year":"13", "couponrate":"8", "benefittype":"A", "benefitrate":"800", "premiumrate":"1.01"} | J189: =IF(OR(I190="]", I189="[", I189="]"), "", ",") -> ,
... A226: ='EN60'!A$3 -> EN60 | B226: =B225 -> 29 | C226: =IF(B226+C225+1>80,"",C225+1) -> 50 | D226: =IF(C226+B226=80,0,8) -> 8 | E226: A | F226: =IF(C226>7, 800, C226*100) -> 800 | G226: =G225 -> 1.01 | H226: ="INSERT INTO public.coupon ("&A$11&", "&B$11&", """&C$11&""", "&D$11&", "&E$11&", "&F$11&", "&G$11&") VALUES('"&A226&"', "&B226&", "&C226&", "&D226&", '"&E226&"',"&F226&", "&G226&");" -> INSERT INTO public.coupon (plancode, age, "year", couponrate, benefittype, benefitrate, premiumrate) VALUES('EN60', 29, 50, 8, 'A',800, 1.01); | I226: ="{""age"":"""&B226&""", ""year"":"""&C226&""", ""couponrate"":"""&D226&""", ""benefittype"":"""&E226&""", ""benefitrate"":"""&F226&""", """&G$11&""":"""&G226&"""}" -> {"age":"29", "year":"50", "couponrate":"8", "benefittype":"A", "benefitrate":"800", "premiumrate":"1.01"} | J226: =IF(OR(I227="]", I226="[", I226="]"), "", ",") -> ,
A227: ='EN60'!A$3 -> EN60 | B227: =B226 -> 29 | C227: =IF(B227+C226+1>80,"",C226+1) -> 51 | D227: =IF(C227+B227=80,0,8) -> 0 | E227: A | F227: =IF(C227>7, 800, C227*100) -> 800 | G227: =G226 -> 1.01 | H227: ="INSERT INTO public.coupon ("&A$11&", "&B$11&", """&C$11&""", "&D$11&", "&E$11&", "&F$11&", "&G$11&") VALUES('"&A227&"', "&B227&", "&C227&", "&D227&", '"&E227&"',"&F227&", "&G227&");" -> INSERT INTO public.coupon (plancode, age, "year", couponrate, benefittype, benefitrate, premiumrate) VALUES('EN60', 29, 51, 0, 'A',800, 1.01); | I227: ="{""age"":"""&B227&""", ""year"":"""&C227&""", ""couponrate"":"""&D227&""", ""benefittype"":"""&E227&""", ""benefitrate"":"""&F227&""", """&G$11&""":"""&G227&"""}" -> {"age":"29", "year":"51", "couponrate":"0", "benefittype":"A", "benefitrate":"800", "premiumrate":"1.01"}
I228: ]}]
A229: plancode | B229: age | C229: year | D229: couponrate | E229: benefittype | F229: benefitrate | G229: premiumrate | I229: ="[{""plancode"":"""&A230&""",""returncash"":"""&B$7&""",""ytable"":"""&C$7&""",""maturerate"":"""&B$3&""",""maturepmrate"":"""&C$3&""",""coupon"":[" -> [{"plancode":"EN60","returncash":"1","ytable":"Y","maturerate":"808","maturepmrate":"1.01","coupon":[
A230: ='EN60'!A$3 -> EN60 | B230: 30 | C230: 1 | D230: =IF(C230+B230=80,0,8) -> 8 | E230: A | F230: =IF(C230>7, 800, C230*100) -> 100 | G230: ='EN60'!C$3 -> 1.01 | H230: ="INSERT INTO public.coupon ("&A$11&", "&B$11&", """&C$11&""", "&D$11&", "&E$11&", "&F$11&", "&G$11&") VALUES('"&A230&"', "&B230&", "&C230&", "&D230&", '"&E230&"',"&F230&", "&G230&");" -> INSERT INTO public.coupon (plancode, age, "year", couponrate, benefittype, benefitrate, premiumrate) VALUES('EN60', 30, 1, 8, 'A',100, 1.01); | I230: ="{""age"":"""&B230&""", ""year"":"""&C230&""", ""couponrate"":"""&D230&""", ""benefittype"":"""&E230&""", ""benefitrate"":"""&F230&""", """&G$11&""":"""&G230&"""}" -> {"age":"30", "year":"1", "couponrate":"8", "benefittype":"A", "benefitrate":"100", "premiumrate":"1.01"} | J230: =IF(OR(I231="]", I230="[", I230="]"), "", ",") -> ,
A231: ='EN60'!A$3 -> EN60 | B231: =B230 -> 30 | C231: =IF(B231+C230+1>80,"",C230+1) -> 2 | D231: =IF(C231+B231=80,0,8) -> 8 | E231: A | F231: =IF(C231>7, 800, C231*100) -> 200 | G231: =G230 -> 1.01 | H231: ="INSERT INTO public.coupon ("&A$11&", "&B$11&", """&C$11&""", "&D$11&", "&E$11&", "&F$11&", "&G$11&") VALUES('"&A231&"', "&B231&", "&C231&", "&D231&", '"&E231&"',"&F231&", "&G231&");" -> INSERT INTO public.coupon (plancode, age, "year", couponrate, benefittype, benefitrate, premiumrate) VALUES('EN60', 30, 2, 8, 'A',200, 1.01); | I231: ="{""age"":"""&B231&""", ""year"":"""&C231&""", ""couponrate"":"""&D231&""", ""benefittype"":"""&E231&""", ""benefitrate"":"""&F231&""", """&G$11&""":"""&G231&"""}" -> {"age":"30", "year":"2", "couponrate":"8", "benefittype":"A", "benefitrate":"200", "premiumrate":"1.01"} | J231: =IF(OR(I232="]", I231="[", I231="]"), "", ",") -> ,
A232: ='EN60'!A$3 -> EN60 | B232: =B231 -> 30 | C232: =IF(B232+C231+1>80,"",C231+1) -> 3 | D232: =IF(C232+B232=80,0,8) -> 8 | E232: A | F232: =IF(C232>7, 800, C232*100) -> 300 | G232: =G231 -> 1.01 | H232: ="INSERT INTO public.coupon ("&A$11&", "&B$11&", """&C$11&""", "&D$11&", "&E$11&", "&F$11&", "&G$11&") VALUES('"&A232&"', "&B232&", "&C232&", "&D232&", '"&E232&"',"&F232&", "&G232&");" -> INSERT INTO public.coupon (plancode, age, "year", couponrate, benefittype, benefitrate, premiumrate) VALUES('EN60', 30, 3, 8, 'A',300, 1.01); | I232: ="{""age"":"""&B232&""", ""year"":"""&C232&""", ""couponrate"":"""&D232&""", ""benefittype"":"""&E232&""", ""benefitrate"":"""&F232&""", """&G$11&""":"""&G232&"""}" -> {"age":"30", "year":"3", "couponrate":"8", "benefittype":"A", "benefitrate":"300", "premiumrate":"1.01"} | J232: =IF(OR(I233="]", I232="[", I232="]"), "", ",") -> ,
A233: ='EN60'!A$3 -> EN60 | B233: =B232 -> 30 | C233: =IF(B233+C232+1>80,"",C232+1) -> 4 | D233: =IF(C233+B233=80,0,8) -> 8 | E233: A | F233: =IF(C233>7, 800, C233*100) -> 400 | G233: =G232 -> 1.01 | H233: ="INSERT INTO public.coupon ("&A$11&", "&B$11&", """&C$11&""", "&D$11&", "&E$11&", "&F$11&", "&G$11&") VALUES('"&A233&"', "&B233&", "&C233&", "&D233&", '"&E233&"',"&F233&", "&G233&");" -> INSERT INTO public.coupon (plancode, age, "year", couponrate, benefittype, benefitrate, premiumrate) VALUES('EN60', 30, 4, 8, 'A',400, 1.01); | I233: ="{""age"":"""&B233&""", ""year"":"""&C233&""", ""couponrate"":"""&D233&""", ""benefittype"":"""&E233&""", ""benefitrate"":"""&F233&""", """&G$11&""":"""&G233&"""}" -> {"age":"30", "year":"4", "couponrate":"8", "benefittype":"A", "benefitrate":"400", "premiumrate":"1.01"} | J233: =IF(OR(I234="]", I233="[", I233="]"), "", ",") -> ,
